customer_id,acquisition_campaign_id,acquisition_channel,first_purchase_value,repeat_purchase_count,total_ltv
1,49,In-store,370,1,536
2,26,Trade-Promo,1132,10,6922
3,20,Trade-Promo,297,2,1571
4,79,Trade-Promo,179,12,8507
5,65,TV,290,7,6065
6,17,Trade-Promo,1204,0,1204
7,84,In-store,1169,6,4343
8,6,OOH,1185,6,3489
9,62,In-store,817,9,8584
10,74,TV,971,2,1791
11,62,Digital-Social,271,4,3319
12,70,In-store,627,3,1092
13,91,OOH,114,9,6279
14,16,Trade-Promo,114,6,5034
15,27,OOH,746,6,3866
16,14,Digital-Social,972,10,8462
17,33,Digital-Search,1197,6,5565
18,47,Trade-Promo,664,10,6224
19,97,Digital-Social,946,8,6706
20,62,Digital-Social,858,8,6602
21,62,Digital-Search,728,9,5246
22,100,OOH,915,11,4116
23,85,TV,570,7,6632
24,21,TV,539,8,5019
25,44,Trade-Promo,1357,11,10707
26,91,TV,429,6,5235
27,1,TV,397,7,5745
28,56,TV,231,4,1739
29,48,TV,1347,0,1347
30,50,In-store,1357,10,8187
31,37,OOH,1323,0,1323
32,82,In-store,999,0,999
33,85,Trade-Promo,685,3,1237
34,77,Trade-Promo,1156,11,5413
35,79,Digital-Social,1480,0,1480
36,31,OOH,100,2,576
37,36,In-store,823,10,6363
38,52,Trade-Promo,510,8,1830
39,95,OOH,240,1,952
40,37,OOH,1245,9,5799
41,45,Digital-Search,563,9,3704
42,59,In-store,1277,0,1277
43,23,In-store,1136,1,1858
44,10,Trade-Promo,702,5,2047
45,66,Digital-Search,1201,12,10057
46,33,OOH,1006,6,5362
47,62,Digital-Social,795,12,8223
48,88,In-store,1301,0,1301
49,15,Digital-Search,238,6,5026
50,29,OOH,570,12,6246
51,53,Digital-Search,1157,8,2429
52,90,Digital-Search,608,4,1588
53,52,OOH,800,1,1517
54,23,In-store,742,5,2607
55,74,Digital-Search,474,11,9813
56,25,In-store,508,3,1699
57,34,Digital-Social,569,3,1784
58,80,Digital-Search,419,12,3527
59,16,TV,1484,10,8024
60,79,TV,1208,0,1208
61,48,Trade-Promo,745,7,5911
62,36,In-store,474,12,8550
63,36,In-store,554,12,9434
64,17,TV,1176,12,8172
65,62,Trade-Promo,166,8,4206
66,51,OOH,457,7,2368
67,90,Trade-Promo,1042,5,5317
68,2,TV,1480,3,3094
69,75,TV,766,5,4651
70,34,Digital-Social,1223,4,2791
71,35,In-store,1355,5,3975
72,24,In-store,968,3,2705
73,90,Digital-Search,847,6,3463
74,58,Digital-Social,1270,2,2748
75,88,Digital-Social,304,11,4990
76,31,Trade-Promo,985,6,3085
77,19,OOH,406,7,1519
78,23,In-store,1123,2,2713
79,67,Trade-Promo,746,12,8522
80,39,Digital-Search,1251,9,3033
81,51,TV,434,0,434
82,33,In-store,1389,1,1999
83,96,Digital-Search,632,5,3222
84,72,Trade-Promo,627,5,1477
85,53,TV,819,10,8519
86,26,Trade-Promo,1279,10,9419
87,69,Digital-Social,682,5,3092
88,87,Trade-Promo,1098,12,8382
89,11,In-store,1356,4,3852
90,81,Digital-Social,443,10,5393
91,54,OOH,1354,9,6430
92,10,TV,431,5,2346
93,41,Digital-Search,1437,4,4945
94,35,Trade-Promo,1420,6,3982
95,57,Digital-Search,1302,8,6190
96,53,Digital-Social,476,0,476
97,94,Digital-Social,1455,4,4923
98,96,TV,531,2,1643
99,14,TV,230,7,5207
100,7,TV,913,8,2793
101,14,Digital-Search,1365,2,1837
102,84,In-store,733,3,1942
103,95,Digital-Search,1007,10,3797
104,17,Trade-Promo,449,0,449
105,85,Digital-Search,766,7,5162
106,70,Digital-Search,1223,7,3239
107,90,Trade-Promo,462,9,7311
108,59,OOH,1402,9,6757
109,68,OOH,1409,8,5145
110,45,In-store,1205,3,1928
111,57,Digital-Search,849,6,3345
112,20,Digital-Search,121,0,121
113,98,Digital-Social,804,4,3324
114,69,TV,1107,12,8763
115,39,TV,981,12,6369
116,77,Digital-Social,114,8,4370
117,25,In-store,1248,6,4572
118,32,Digital-Social,1422,6,4644
119,29,Digital-Search,262,6,5002
120,31,Trade-Promo,1355,12,11675
121,88,Digital-Search,683,10,7623
122,35,In-store,485,1,821
123,18,Digital-Search,326,10,6486
124,80,In-store,657,11,9314
125,63,Digital-Social,756,0,756
126,7,Trade-Promo,145,2,653
127,37,Digital-Search,356,11,6934
128,94,TV,576,1,880
129,2,In-store,544,5,3444
130,40,In-store,860,7,6901
131,5,Digital-Search,264,12,3852
132,8,Digital-Search,903,1,1609
133,61,Digital-Social,493,4,2653
134,2,TV,609,6,4227
135,32,OOH,168,3,2031
136,95,TV,1167,10,4797
137,61,In-store,1495,4,3415
138,21,OOH,186,11,8018
139,67,TV,618,7,6239
140,39,Digital-Social,838,0,838
141,28,TV,583,10,6523
142,42,TV,442,12,5626
143,75,TV,910,12,5686
144,2,TV,1290,12,11574
145,61,OOH,1321,2,2381
146,99,TV,609,2,1931
147,12,OOH,1366,5,5316
148,8,TV,828,10,3898
149,90,Trade-Promo,319,2,1617
150,30,Digital-Search,1243,12,10963
151,97,Digital-Search,998,11,4815
152,3,OOH,873,5,5328
153,18,Digital-Search,180,7,6291
154,57,Trade-Promo,703,8,7607
155,63,Digital-Social,1260,2,2672
156,45,Digital-Search,1059,4,4111
157,71,Digital-Social,241,8,2705
158,58,Digital-Search,639,8,4839
159,59,TV,1406,8,5710
160,94,Digital-Social,138,9,4836
161,100,Trade-Promo,589,5,5029
162,9,OOH,1203,6,3267
163,68,OOH,1118,12,9686
164,20,Trade-Promo,679,5,3524
165,83,Digital-Search,326,1,1011
166,85,TV,189,2,853
167,5,Digital-Social,319,7,2741
168,13,TV,1269,10,6739
169,85,In-store,1176,9,8988
170,76,Digital-Search,200,5,2080
171,78,OOH,245,0,245
172,84,In-store,263,7,5891
173,8,Digital-Search,1242,11,7567
174,48,OOH,219,9,4017
175,68,TV,244,4,1160
176,28,Trade-Promo,298,1,1190
177,30,Trade-Promo,889,3,1930
178,68,OOH,609,9,7719
179,23,Trade-Promo,1243,6,2791
180,99,OOH,1280,5,5480
181,59,OOH,1462,6,2998
182,22,Digital-Social,1226,6,5222
183,44,OOH,423,8,6535
184,57,Digital-Search,745,8,4601
185,48,In-store,1396,6,6754
186,42,Trade-Promo,592,9,6964
187,28,In-store,1226,11,5736
188,47,In-store,1016,6,1916
189,93,TV,682,9,2176
190,67,Digital-Social,718,0,718
191,29,Digital-Social,744,0,744
192,36,Trade-Promo,1147,8,7019
193,74,Digital-Social,293,0,293
194,46,Digital-Social,383,4,2483
195,75,Digital-Social,577,4,2405
196,12,Trade-Promo,918,9,4266
197,94,TV,764,12,8492
198,23,In-store,1280,1,2039
199,83,Digital-Search,176,11,8316
200,49,TV,214,12,6118
201,45,In-store,953,1,1335
202,96,OOH,1333,0,1333
203,100,OOH,883,0,883
204,68,TV,753,8,6577
205,20,Digital-Search,1128,11,5264
206,20,TV,1479,11,7551
207,58,Trade-Promo,1278,8,3214
208,29,In-store,693,12,7329
209,19,Digital-Social,788,1,1425
210,74,OOH,200,8,4664
211,34,TV,916,8,5668
212,100,OOH,367,12,3823
213,62,Trade-Promo,505,7,4383
214,84,Trade-Promo,501,8,6741
215,95,Trade-Promo,604,3,1273
216,35,In-store,762,10,8152
217,12,TV,1475,6,4973
218,47,Digital-Search,490,5,3000
219,77,OOH,149,12,5693
220,22,Digital-Search,1362,12,8586
221,80,Digital-Social,1002,0,1002
222,26,OOH,865,2,2655
223,11,TV,211,3,2566
224,19,Digital-Search,128,5,4428
225,15,Digital-Search,1021,7,2232
226,43,Digital-Social,1201,3,2275
227,70,Trade-Promo,629,8,5781
228,80,OOH,389,11,9904
229,86,TV,871,9,8332
230,68,TV,623,2,1045
231,37,Digital-Social,1365,4,2181
232,60,OOH,117,1,664
233,85,Digital-Search,1457,10,6637
234,14,TV,699,10,6149
235,30,In-store,1141,11,3902
236,41,In-store,1322,8,3242
237,24,Digital-Social,1125,7,6193
238,92,TV,181,3,2257
239,40,Digital-Search,1103,6,2963
240,3,Digital-Search,820,5,4770
241,39,Digital-Social,1126,4,1978
242,81,Digital-Search,892,0,892
243,36,Digital-Social,410,5,3170
244,85,Digital-Social,279,11,6230
245,67,OOH,1354,10,9874
246,30,In-store,592,9,3346
247,55,Digital-Search,1339,5,4384
248,70,Digital-Social,523,10,3433
249,75,Trade-Promo,1500,12,5784
250,18,Digital-Search,1172,2,2352
251,99,Digital-Social,1443,9,4242
252,41,TV,1241,8,8329
253,16,Digital-Social,750,2,2538
254,4,Digital-Search,947,6,3707
255,57,OOH,1404,11,6134
256,20,Digital-Social,318,2,996
257,4,Trade-Promo,1363,4,4443
258,73,Trade-Promo,572,9,4055
259,30,OOH,153,5,1308
260,89,In-store,374,8,6526
261,61,OOH,1430,5,3120
262,50,In-store,1070,2,1704
263,25,Digital-Social,166,6,1156
264,35,In-store,555,11,9762
265,26,Digital-Social,235,2,1433
266,79,In-store,765,7,3579
267,55,In-store,185,9,5036
268,93,Digital-Search,907,9,7522
269,77,Trade-Promo,1175,10,9885
270,5,Trade-Promo,323,7,4642
271,6,Digital-Social,1162,8,5602
272,95,TV,1242,6,5310
273,98,OOH,200,3,1544
274,57,In-store,723,12,6027
275,60,Digital-Social,965,4,4073
276,7,OOH,1158,2,2406
277,83,In-store,285,11,7567
278,15,Digital-Social,1298,11,9097
279,18,In-store,946,5,4001
280,4,Digital-Social,1029,9,8940
281,26,In-store,284,4,2208
282,89,OOH,435,11,10335
283,16,TV,333,11,7043
284,82,Digital-Search,274,8,7266
285,50,OOH,1147,9,3964
286,49,Trade-Promo,879,0,879
287,43,Trade-Promo,1450,2,2082
288,19,Digital-Social,205,6,2995
289,40,OOH,1013,4,4177
290,24,TV,369,3,828
291,80,Digital-Search,125,7,4738
292,64,Trade-Promo,111,9,6006
293,31,Digital-Social,1305,10,7675
294,59,In-store,1004,1,1769
295,77,TV,601,8,4073
296,80,OOH,1241,3,1841
297,24,Digital-Social,212,10,5282
298,5,Digital-Social,166,10,7576
299,78,Digital-Search,778,1,978
300,14,In-store,465,2,2141
301,37,Trade-Promo,1453,11,10979
302,77,Trade-Promo,1251,2,2483
303,96,Trade-Promo,837,0,837
304,99,Digital-Search,761,5,3451
305,9,In-store,1227,1,1676
306,61,Digital-Social,349,11,5090
307,43,Trade-Promo,947,8,3859
308,90,Digital-Social,1353,0,1353
309,74,OOH,1388,8,3300
310,62,OOH,1338,12,11814
311,37,In-store,1346,5,3421
312,68,Trade-Promo,1376,5,2786
313,79,Trade-Promo,1116,8,8284
314,81,In-store,1108,12,5116
315,79,Digital-Social,694,3,1147
316,16,TV,1052,10,3752
317,95,Digital-Social,1360,6,4798
318,6,Digital-Search,816,8,7232
319,28,TV,1411,3,3979
320,37,Digital-Search,238,4,2066
321,65,Trade-Promo,763,12,2635
322,15,OOH,782,5,3557
323,93,Trade-Promo,1361,0,1361
324,25,Digital-Search,792,10,7192
325,61,TV,1422,2,2708
326,20,OOH,1043,8,4987
327,60,In-store,214,8,3862
328,73,OOH,1488,5,5078
329,69,TV,526,9,8185
330,43,Digital-Search,235,2,1109
331,4,Digital-Search,868,10,7838
332,22,Trade-Promo,1340,6,3386
333,77,TV,731,11,5923
334,91,TV,656,6,2084
335,64,Digital-Social,861,7,4074
336,28,Trade-Promo,719,2,1247
337,48,TV,513,1,1117
338,65,TV,1088,8,3544
339,25,Digital-Search,1090,11,8636
340,40,Digital-Search,393,12,3393
341,67,OOH,371,3,3044
342,5,In-store,893,11,8417
343,15,TV,736,0,736
344,77,TV,782,7,2161
345,14,Trade-Promo,1449,11,6608
346,3,Trade-Promo,739,10,4379
347,42,Digital-Social,494,4,2226
348,69,Digital-Search,1003,10,3703
349,35,Digital-Social,422,4,1490
350,2,Trade-Promo,1246,8,3278
351,27,Trade-Promo,817,8,4625
352,35,Digital-Social,680,9,4280
353,22,TV,737,9,5201
354,70,In-store,203,2,561
355,61,OOH,203,1,745
356,7,TV,973,6,2971
357,91,Trade-Promo,1313,10,9873
358,90,In-store,1362,5,3707
359,43,Digital-Social,1473,12,9825
360,11,In-store,1262,2,1752
361,90,In-store,299,7,3568
362,88,OOH,1053,7,3762
363,29,Digital-Social,1363,4,3451
364,51,Digital-Social,1462,5,3872
365,59,In-store,161,1,797
366,15,Digital-Search,1080,7,3348
367,37,Digital-Search,1337,9,3857
368,66,TV,930,11,3779
369,42,Trade-Promo,1430,1,1889
370,69,In-store,920,9,6077
371,31,Trade-Promo,599,8,3095
372,62,In-store,235,5,2050
373,89,Trade-Promo,982,12,8122
374,73,Digital-Search,1215,11,5516
375,23,OOH,1471,1,2349
376,74,In-store,334,9,7174
377,60,Digital-Search,1236,1,1841
378,23,Digital-Search,931,1,1693
379,14,OOH,1321,12,7777
380,42,In-store,1420,10,3540
381,12,Digital-Social,384,9,7593
382,1,Digital-Social,1453,2,2679
383,69,Digital-Search,898,9,7567
384,58,Digital-Social,521,10,5261
385,39,Trade-Promo,1491,4,3871
386,92,Digital-Search,282,9,1704
387,79,Trade-Promo,927,2,1829
388,8,Digital-Search,1224,0,1224
389,91,Trade-Promo,835,1,1273
390,4,Digital-Social,984,11,9278
391,51,OOH,751,11,6702
392,52,In-store,991,8,3919
393,85,Digital-Social,1072,2,1756
394,72,In-store,837,6,2679
395,37,OOH,357,2,679
396,10,OOH,132,2,1908
397,63,OOH,994,2,1466
398,18,OOH,951,7,6985
399,78,In-store,1376,2,2606
400,66,In-store,1230,7,5031
401,46,Digital-Social,480,6,5094
402,1,Trade-Promo,1120,11,5432
403,92,Trade-Promo,651,6,4905
404,74,Digital-Search,168,0,168
405,62,OOH,854,1,1598
406,62,OOH,263,2,2057
407,94,Trade-Promo,672,7,5425
408,11,Trade-Promo,1349,1,1750
409,61,OOH,1459,10,3749
410,88,OOH,1204,12,10120
411,40,Trade-Promo,208,5,3693
412,100,TV,1060,7,5778
413,61,Trade-Promo,778,6,3844
414,38,Digital-Search,443,0,443
415,77,OOH,722,11,8719
416,34,TV,1388,7,6582
417,22,Trade-Promo,205,10,4685
418,95,Trade-Promo,155,4,2739
419,11,Digital-Social,1135,1,1569
420,33,Digital-Social,1361,4,3085
421,33,TV,328,9,3280
422,76,OOH,409,10,6479
423,48,Digital-Social,635,12,11039
424,31,In-store,470,12,8750
425,5,Digital-Search,272,2,1790
426,20,In-store,945,12,7449
427,31,OOH,1001,11,9823
428,22,Digital-Social,1283,11,6816
429,7,OOH,641,12,3857
430,7,Digital-Social,1050,6,4872
431,39,In-store,1190,3,2804
432,88,OOH,898,7,3824
433,19,Trade-Promo,990,0,990
434,58,In-store,1489,5,4949
435,88,TV,299,8,6715
436,46,In-store,1350,10,5640
437,43,Digital-Search,646,12,3646
438,33,OOH,1296,6,5028
439,99,OOH,595,11,9813
440,76,Digital-Social,1164,5,5379
441,89,Digital-Social,741,8,2021
442,87,TV,239,0,239
443,13,Trade-Promo,312,10,6372
444,45,Digital-Social,680,4,2068
445,5,TV,1368,1,1576
446,77,OOH,544,9,7771
447,16,OOH,345,1,1114
448,17,In-store,1444,12,11200
449,73,Digital-Social,327,11,4045
450,33,Digital-Search,1056,10,3326
451,82,In-store,666,12,7710
452,89,OOH,762,4,2022
453,100,TV,667,12,3223
454,49,In-store,781,0,781
455,34,Digital-Social,1002,1,1655
456,26,Trade-Promo,904,2,2524
457,63,TV,394,8,5122
458,28,Trade-Promo,1417,1,2019
459,92,Digital-Search,311,0,311
460,10,Trade-Promo,613,12,7885
461,3,In-store,404,10,8454
462,1,TV,1461,6,3993
463,20,OOH,775,6,5203
464,1,Trade-Promo,1104,7,5276
465,52,OOH,243,8,3291
466,1,In-store,1087,1,1817
467,69,Digital-Search,782,10,5382
468,52,TV,1394,10,3814
469,47,Trade-Promo,796,1,1416
470,98,Digital-Search,1426,3,2416
471,71,TV,886,10,4336
472,39,OOH,898,1,1693
473,89,Digital-Search,1096,1,1893
474,57,OOH,488,2,860
475,25,TV,1314,3,3264
476,50,TV,1207,10,5857
477,64,Trade-Promo,1020,0,1020
478,44,TV,791,12,11447
479,6,In-store,342,3,2799
480,86,Trade-Promo,1038,10,8028
481,20,OOH,1286,3,1955
482,5,OOH,389,7,6122
483,3,In-store,1366,0,1366
484,90,OOH,367,0,367
485,81,TV,729,12,3717
486,59,Trade-Promo,449,9,2384
487,14,TV,1118,9,8138
488,29,TV,515,6,3485
489,95,OOH,923,5,2288
490,88,Trade-Promo,1217,2,2175
491,28,TV,1314,2,2300
492,9,TV,660,2,1810
493,22,OOH,857,8,3401
494,57,Digital-Social,1291,0,1291
495,13,OOH,1354,6,3220
496,3,In-store,265,0,265
497,23,TV,1434,9,5394
498,54,OOH,1074,11,4143
499,27,Digital-Social,1410,4,4150
500,58,In-store,589,2,2139
501,89,TV,1321,2,3089
502,64,Trade-Promo,280,10,4860
503,45,In-store,109,8,3237
504,25,TV,1185,1,1968
505,47,Trade-Promo,1139,3,3014
506,99,OOH,1450,3,2749
507,7,Digital-Social,330,12,3954
508,88,In-store,1118,2,1744
509,86,TV,210,10,5430
510,37,Digital-Social,990,4,2958
511,79,In-store,188,1,391
512,69,Digital-Social,423,12,2571
513,63,Trade-Promo,337,1,727
514,93,In-store,1313,9,5660
515,54,Digital-Social,1486,5,3411
516,100,TV,767,3,1517
517,31,OOH,944,3,2546
518,29,TV,1064,9,6878
519,7,In-store,396,3,2718
520,59,Digital-Social,893,5,2338
521,59,OOH,497,10,5667
522,35,Digital-Social,787,2,1151
523,89,Trade-Promo,222,4,1378
524,15,In-store,1039,6,2989
525,98,Digital-Search,550,4,3622
526,21,OOH,1352,2,2834
527,71,Digital-Social,277,6,4381
528,63,Digital-Social,1311,7,5672
529,36,TV,976,11,5398
530,32,Digital-Search,989,9,4382
531,76,Digital-Social,1274,0,1274
532,6,TV,1063,11,8389
533,5,In-store,1187,6,5027
534,90,TV,1026,7,3798
535,11,Trade-Promo,125,11,10014
536,53,Digital-Social,371,5,2631
537,31,OOH,285,0,285
538,86,Digital-Search,431,11,7251
539,74,OOH,1295,0,1295
540,60,Digital-Social,930,2,1988
541,81,In-store,1397,0,1397
542,10,In-store,781,8,2245
543,38,In-store,652,11,9199
544,70,Trade-Promo,524,12,10736
545,11,Trade-Promo,787,11,3053
546,66,OOH,845,0,845
547,50,Digital-Search,1053,9,2772
548,47,Digital-Search,458,10,7678
549,91,TV,1248,11,5197
550,18,Digital-Search,588,8,2716
551,84,In-store,1288,11,5292
552,97,OOH,561,5,3116
553,35,Trade-Promo,1493,6,4091
554,7,TV,863,5,3928
555,63,Trade-Promo,1178,1,1809
556,91,Trade-Promo,1489,8,5081
557,58,Trade-Promo,853,12,10921
558,89,TV,485,7,2158
559,11,In-store,466,4,1378
560,14,Digital-Social,665,1,1528
561,19,In-store,408,3,2457
562,81,TV,700,6,5788
563,70,Digital-Social,1070,5,3970
564,57,OOH,1420,0,1420
565,25,TV,145,12,4789
566,67,OOH,787,6,5239
567,44,OOH,1423,12,7231
568,63,Trade-Promo,1463,11,9075
569,71,In-store,1037,4,3957
570,17,Digital-Search,451,12,5443
571,30,In-store,861,4,1653
572,19,Digital-Search,682,7,2922
573,80,Digital-Social,1196,4,2540
574,23,OOH,1464,12,5148
575,21,Digital-Social,339,0,339
576,74,Digital-Social,1002,4,3114
577,24,Digital-Social,1251,11,3286
578,86,Digital-Search,804,2,1866
579,58,Trade-Promo,432,8,4096
580,16,TV,928,7,3014
581,59,Digital-Search,419,0,419
582,65,Digital-Search,1425,11,6397
583,61,Digital-Search,1274,10,4274
584,73,OOH,1005,5,5280
585,15,OOH,1080,0,1080
586,87,Trade-Promo,339,4,1039
587,52,Trade-Promo,551,7,4156
588,12,Digital-Search,212,9,7466
589,25,Trade-Promo,1178,3,2480
590,26,TV,271,8,5119
591,87,OOH,278,8,4702
592,25,In-store,750,9,7671
593,66,TV,1465,5,4250
594,19,OOH,975,5,3700
595,48,TV,682,5,3227
596,40,In-store,1248,1,1618
597,94,In-store,951,12,8187
598,37,Digital-Social,968,11,7282
599,18,Trade-Promo,1324,1,1621
600,27,Digital-Search,1072,8,5016
601,9,Trade-Promo,869,1,1025
602,53,OOH,659,6,2633
603,72,In-store,1263,12,4743
604,26,Digital-Social,881,4,3749
605,63,TV,718,9,4867
606,64,Trade-Promo,1049,3,1580
607,1,Digital-Social,637,4,3857
608,82,In-store,354,10,8664
609,37,In-store,467,7,6445
610,83,Digital-Social,158,1,591
611,64,TV,1326,11,7046
612,75,In-store,1258,6,3742
613,81,OOH,1074,11,4066
614,48,Trade-Promo,1278,0,1278
615,21,Trade-Promo,219,2,1173
616,60,OOH,377,5,1962
617,7,Digital-Search,839,6,5645
618,46,TV,693,4,3461
619,82,TV,1152,3,3531
620,24,TV,1326,12,5178
621,70,Digital-Search,747,10,5327
622,35,OOH,842,1,1539
623,75,Digital-Search,394,0,394
624,67,Digital-Search,863,12,8615
625,53,Digital-Search,433,1,806
626,20,Trade-Promo,552,3,2718
627,79,OOH,1176,8,8208
628,71,OOH,333,6,4059
629,10,TV,368,0,368
630,45,Digital-Search,842,2,2046
631,77,Trade-Promo,800,2,2552
632,39,TV,342,3,1185
633,89,Digital-Social,564,4,1676
634,27,Digital-Social,260,6,5402
635,98,TV,259,0,259
636,97,In-store,187,3,967
637,5,OOH,1151,9,3041
638,61,TV,618,0,618
639,39,OOH,121,12,3097
640,16,Trade-Promo,520,9,3706
641,24,OOH,819,0,819
642,19,OOH,668,9,5222
643,46,Digital-Social,1125,12,11877
644,79,Digital-Social,1134,9,3105
645,13,Trade-Promo,128,8,3104
646,92,Digital-Social,677,2,2077
647,1,OOH,302,3,2300
648,91,In-store,850,11,9133
649,24,In-store,1479,1,1814
650,46,In-store,968,3,2996
651,30,In-store,331,12,5983
652,16,In-store,325,8,2637
653,64,Digital-Search,690,8,7802
654,6,TV,771,7,2647
655,50,Digital-Search,1035,9,5256
656,88,In-store,562,8,5098
657,38,In-store,486,1,1123
658,87,Digital-Search,467,0,467
659,63,OOH,315,6,3903
660,67,OOH,1485,1,1757
661,19,In-store,920,11,9214
662,14,OOH,445,1,967
663,26,Digital-Search,510,9,5577
664,16,Digital-Social,969,11,8240
665,36,OOH,1291,9,5152
666,97,OOH,919,5,4104
667,86,Trade-Promo,928,7,5639
668,36,Digital-Social,1031,1,1306
669,33,In-store,1118,3,3497
670,18,TV,303,11,2547
671,9,In-store,1488,0,1488
672,49,Trade-Promo,1491,5,3021
673,39,Trade-Promo,1376,1,1604
674,85,Trade-Promo,1108,12,8632
675,26,Digital-Search,1455,7,6019
676,65,Digital-Search,1210,5,4725
677,70,TV,164,6,1790
678,50,In-store,744,6,4362
679,59,TV,167,2,1607
680,85,Digital-Search,436,7,4573
681,18,Digital-Search,896,7,2730
682,73,OOH,1104,10,8274
683,88,Trade-Promo,1271,7,5730
684,72,Digital-Social,1137,0,1137
685,34,In-store,1310,6,5996
686,87,Digital-Search,682,5,1742
687,4,Trade-Promo,192,2,1242
688,45,OOH,1295,0,1295
689,44,In-store,299,6,3317
690,46,In-store,819,0,819
691,32,Digital-Social,580,10,5270
692,76,TV,234,4,1302
693,44,Digital-Social,140,8,4004
694,5,In-store,1447,6,5833
695,66,In-store,646,0,646
696,61,Trade-Promo,145,5,2825
697,74,In-store,760,9,3010
698,63,TV,1482,3,2964
699,64,Trade-Promo,1466,5,3066
700,79,Digital-Search,844,6,2980
701,64,OOH,254,8,3206
702,37,Digital-Search,197,4,3145
703,52,Digital-Social,1379,11,4063
704,92,Trade-Promo,294,9,4740
705,35,TV,1260,12,9576
706,61,In-store,529,5,1669
707,84,Digital-Search,1133,12,6617
708,56,OOH,1205,5,2975
709,54,In-store,614,9,6707
710,59,OOH,1221,2,1559
711,81,OOH,1157,2,2637
712,64,Digital-Social,1453,11,8361
713,35,OOH,1191,12,10539
714,99,In-store,1259,11,9960
715,8,Trade-Promo,510,5,3625
716,19,Digital-Social,408,11,9769
717,98,Digital-Search,991,6,3847
718,9,OOH,516,6,3054
719,37,OOH,428,4,3840
720,77,Digital-Social,931,3,1729
721,20,Digital-Social,156,3,1557
722,60,In-store,1246,6,4738
723,83,TV,513,2,1371
724,18,TV,629,12,5837
725,85,Trade-Promo,460,10,2390
726,93,In-store,140,0,140
727,41,Trade-Promo,710,1,1276
728,47,OOH,1446,1,2002
729,93,Digital-Social,583,1,1317
730,95,Trade-Promo,347,8,6987
731,75,Trade-Promo,615,7,2309
732,31,Trade-Promo,350,12,5990
733,43,Trade-Promo,898,12,5590
734,55,Digital-Social,395,1,724
735,28,Digital-Search,1000,6,3460
736,76,TV,1104,8,5368
737,90,TV,748,8,5412
738,61,OOH,604,4,1796
739,47,In-store,853,4,1537
740,83,Trade-Promo,171,11,9279
741,7,OOH,1475,3,2702
742,71,In-store,733,10,9403
743,47,OOH,349,8,3485
744,57,In-store,116,6,2582
745,39,TV,582,4,2042
746,21,In-store,1393,5,5438
747,53,TV,661,1,1314
748,61,OOH,945,5,5365
749,55,TV,428,11,5015
750,65,TV,820,6,5416
751,94,Trade-Promo,769,7,6796
752,4,TV,1413,10,4793
753,81,In-store,1412,2,1718
754,52,Digital-Social,1386,4,3270
755,74,TV,326,2,1136
756,67,OOH,1429,12,4825
757,77,OOH,940,12,6664
758,58,In-store,373,4,1681
759,88,Trade-Promo,770,12,6026
760,26,TV,948,5,2628
761,51,In-store,1268,3,1781
762,3,Trade-Promo,1425,9,8544
763,30,TV,1047,3,2301
764,90,Digital-Social,201,6,4893
765,55,Trade-Promo,632,2,1114
766,48,Digital-Social,1261,1,1425
767,92,Trade-Promo,991,12,8359
768,87,In-store,342,3,2982
769,27,Digital-Social,645,4,3269
770,49,Digital-Social,983,3,3275
771,28,Digital-Search,1486,3,3220
772,24,In-store,398,0,398
773,34,Digital-Social,1365,7,4193
774,48,Trade-Promo,1425,7,3084
775,2,In-store,372,5,4667
776,51,OOH,534,11,6496
777,91,In-store,1323,4,2219
778,13,Trade-Promo,220,0,220
779,31,In-store,825,9,8349
780,77,OOH,193,0,193
781,65,Trade-Promo,880,4,3096
782,86,Digital-Search,370,8,1906
783,75,Digital-Social,633,2,1963
784,64,Digital-Search,1058,2,1540
785,41,OOH,1186,6,2956
786,34,TV,741,0,741
787,64,Digital-Search,838,6,3472
788,34,Trade-Promo,640,8,4400
789,56,Digital-Social,746,11,7929
790,98,Digital-Social,1238,10,9248
791,57,TV,486,2,896
792,30,Digital-Social,173,7,3085
793,21,OOH,1056,6,2664
794,64,TV,1004,5,5384
795,72,In-store,1037,7,2892
796,93,Digital-Social,353,5,1578
797,27,Digital-Search,469,2,1809
798,35,Trade-Promo,1458,9,4761
799,75,TV,1177,12,9985
800,24,In-store,257,3,2237
801,87,TV,773,0,773
802,88,OOH,349,6,3541
803,76,TV,762,2,1120
804,11,In-store,1450,7,5748
805,81,Digital-Search,1316,10,2866
806,43,TV,1443,9,6960
807,42,OOH,1265,2,1997
808,7,OOH,679,5,1709
809,96,TV,1220,9,6080
810,12,In-store,622,2,1412
811,99,In-store,282,0,282
812,21,In-store,924,4,4172
813,97,OOH,415,1,870
814,63,In-store,735,10,8405
815,17,Digital-Search,1462,1,1988
816,66,Digital-Social,1102,7,4931
817,61,Digital-Search,1253,9,6500
818,12,In-store,854,9,3914
819,56,OOH,972,1,1163
820,66,Digital-Search,1049,10,4839
821,83,OOH,417,7,5240
822,81,OOH,1174,1,1621
823,60,In-store,262,12,7930
824,39,Digital-Social,361,10,4931
825,32,Trade-Promo,975,4,3903
826,7,Trade-Promo,256,0,256
827,14,Trade-Promo,970,6,2446
828,60,OOH,1264,4,3316
829,33,Trade-Promo,267,12,8247
830,3,TV,1454,7,3785
831,24,In-store,192,1,768
832,91,Digital-Search,742,9,8761
833,59,OOH,1021,9,4810
834,44,Digital-Social,532,2,992
835,96,Trade-Promo,631,10,3211
836,56,Trade-Promo,136,0,136
837,15,TV,451,10,6831
838,59,OOH,929,10,8589
839,93,In-store,720,9,7749
840,47,OOH,1479,11,10730
841,51,Digital-Search,279,2,855
842,2,Digital-Social,329,0,329
843,25,TV,528,7,6226
844,19,OOH,595,6,5341
845,69,Digital-Social,276,4,2772
846,19,In-store,964,0,964
847,22,Digital-Social,1011,7,5435
848,3,In-store,1298,3,2366
849,38,Trade-Promo,902,0,902
850,2,TV,1391,11,7903
851,54,In-store,1285,9,9367
852,71,Digital-Search,175,7,4088
853,63,Trade-Promo,1310,11,9846
854,87,In-store,574,11,2906
855,68,TV,964,9,5221
856,71,TV,648,10,6418
857,61,TV,1113,9,8412
858,45,In-store,993,0,993
859,37,OOH,493,7,4007
860,57,Digital-Social,1139,3,3392
861,88,Digital-Search,1333,11,10375
862,60,Digital-Social,700,11,10358
863,50,In-store,1478,10,6658
864,61,Digital-Social,1373,3,2690
865,89,OOH,276,10,6716
866,17,Digital-Social,508,2,2048
867,63,TV,951,7,4171
868,31,Digital-Social,1240,0,1240
869,46,Digital-Search,831,10,3951
870,23,Trade-Promo,165,12,2745
871,44,In-store,333,9,3771
872,16,Trade-Promo,558,7,3456
873,44,Digital-Search,195,12,8835
874,35,Digital-Social,1155,9,8670
875,14,OOH,203,7,4529
876,97,TV,316,12,9616
877,79,TV,1251,0,1251
878,14,Digital-Social,1390,1,1750
879,47,Digital-Social,698,11,7320
880,98,Trade-Promo,1120,11,3881
881,20,OOH,844,5,2299
882,16,Digital-Social,999,6,1935
883,32,In-store,799,4,3467
884,22,TV,644,5,5054
885,97,In-store,838,10,9138
886,32,Digital-Social,1184,6,3482
887,18,In-store,946,6,4660
888,67,OOH,840,0,840
889,19,TV,1159,1,1395
890,44,Digital-Search,922,12,4738
891,56,TV,905,12,3149
892,85,OOH,409,9,2290
893,81,OOH,1452,8,5068
894,54,In-store,1494,11,9370
895,39,OOH,742,5,1532
896,36,Trade-Promo,1350,2,3084
897,52,In-store,1418,3,3539
898,80,Trade-Promo,1435,7,7483
899,45,OOH,928,12,5152
900,39,TV,175,8,4111
901,50,OOH,358,8,5982
902,37,Digital-Social,290,8,6010
903,40,Trade-Promo,797,12,10397
904,21,TV,157,12,8581
905,76,Digital-Search,594,12,6126
906,93,In-store,1134,1,2033
907,8,Digital-Search,631,10,7321
908,46,TV,197,12,9989
909,16,In-store,710,9,2105
910,59,Digital-Search,583,12,9523
911,73,OOH,1385,10,8345
912,77,Digital-Social,817,4,2581
913,86,OOH,1273,10,4203
914,92,In-store,1164,11,5597
915,14,Digital-Search,1157,9,4280
916,100,Digital-Search,1030,1,1330
917,92,In-store,943,1,1187
918,8,In-store,366,7,2949
919,58,TV,856,10,7736
920,52,Trade-Promo,1244,8,5676
921,34,Trade-Promo,1121,10,6951
922,57,OOH,1102,11,7438
923,21,Digital-Social,1135,2,2427
924,92,In-store,364,11,7789
925,68,TV,535,7,4973
926,5,OOH,421,8,4645
927,16,Trade-Promo,936,1,1209
928,48,Trade-Promo,693,0,693
929,20,TV,860,4,2992
930,39,Digital-Search,1095,0,1095
931,19,Trade-Promo,963,0,963
932,37,Digital-Social,474,11,7624
933,1,TV,1221,5,2316
934,6,In-store,1085,9,5288
935,73,In-store,791,12,7223
936,61,OOH,1340,2,1922
937,65,OOH,1043,12,8363
938,86,In-store,405,11,5718
939,12,Trade-Promo,1460,9,6581
940,50,Digital-Social,909,5,4424
941,6,OOH,1007,11,5781
942,83,TV,439,11,2364
943,74,OOH,732,8,7212
944,16,OOH,1245,1,1592
945,80,Trade-Promo,1281,12,3729
946,73,Trade-Promo,487,12,8131
947,65,TV,346,10,7286
948,24,TV,663,12,4983
949,32,OOH,1286,7,2938
950,69,Trade-Promo,756,6,5274
951,6,In-store,147,5,3132
952,24,In-store,149,8,3941
953,49,Digital-Search,286,1,537
954,70,Digital-Social,684,2,1358
955,33,TV,415,4,2683
956,87,Digital-Social,220,9,4567
957,24,TV,219,4,2415
958,13,Digital-Search,391,6,3277
959,34,In-store,347,0,347
960,31,Trade-Promo,1300,3,3262
961,66,Trade-Promo,888,1,1313
962,8,Digital-Search,1051,8,5579
963,9,In-store,159,6,4947
964,30,TV,651,8,6651
965,87,TV,604,12,9220
966,84,Digital-Social,723,9,5817
967,58,TV,1402,8,4266
968,19,Digital-Search,1206,2,2008
969,69,In-store,1236,7,2580
970,1,In-store,1371,4,4643
971,22,TV,223,7,3226
972,77,Digital-Search,1492,6,4546
973,81,Digital-Social,1298,8,4802
974,6,Digital-Social,1193,9,3182
975,39,TV,909,11,3934
976,18,OOH,1239,4,3607
977,27,Trade-Promo,1133,12,6833
978,88,Digital-Search,1400,4,4896
979,58,Digital-Search,603,10,5393
980,44,Digital-Social,1041,9,5415
981,3,OOH,373,10,1893
982,78,In-store,108,0,108
983,23,In-store,1238,11,10808
984,63,In-store,1202,1,2016
985,84,TV,1203,0,1203
986,57,OOH,352,5,3027
987,77,Digital-Search,892,2,2618
988,2,TV,1047,5,2782
989,57,TV,553,11,2423
990,98,Digital-Search,1493,11,7169
991,25,TV,1356,10,5956
992,92,Digital-Social,579,7,4226
993,5,Digital-Search,1109,11,10712
994,78,Digital-Social,114,3,2523
995,51,TV,668,9,6626
996,64,Digital-Social,1230,3,3705
997,95,Trade-Promo,1476,10,9146
998,73,Digital-Social,233,9,2762
999,96,TV,360,4,3292
1000,30,Trade-Promo,661,3,3193
1001,3,OOH,1488,8,7720
1002,33,OOH,1247,7,2311
1003,55,OOH,1478,10,3508
1004,42,In-store,933,4,2029
1005,88,Trade-Promo,1055,7,4695
1006,67,TV,559,0,559
1007,54,Trade-Promo,1019,5,1794
1008,51,Digital-Social,785,1,1520
1009,4,OOH,562,11,6975
1010,10,Digital-Social,503,2,1477
1011,40,TV,1382,10,3872
1012,4,In-store,984,12,3072
1013,76,OOH,784,4,2396
1014,14,In-store,588,5,1613
1015,43,Trade-Promo,584,1,1348
1016,80,In-store,295,10,6365
1017,75,TV,275,0,275
1018,49,Digital-Search,233,12,3593
1019,8,In-store,212,4,3312
1020,81,In-store,234,1,1077
1021,8,Trade-Promo,206,4,2366
1022,52,TV,1364,12,8204
1023,30,Trade-Promo,1451,9,2891
1024,59,In-store,1050,12,8106
1025,80,Trade-Promo,307,5,4387
1026,87,TV,1029,8,4917
1027,76,Digital-Social,321,1,483
1028,77,OOH,238,9,3370
1029,74,Digital-Social,1405,8,4701
1030,46,In-store,1085,11,9720
1031,57,Digital-Social,597,2,987
1032,8,Digital-Social,738,9,6102
1033,66,OOH,832,4,3820
1034,70,Digital-Social,401,7,3663
1035,78,Digital-Search,696,5,1486
1036,67,Trade-Promo,1446,10,4426
1037,8,Digital-Social,1138,8,2778
1038,55,Digital-Search,500,3,2915
1039,26,TV,799,3,3298
1040,61,OOH,1057,9,8788
1041,43,Trade-Promo,1259,5,5159
1042,39,In-store,773,2,1287
1043,59,TV,1115,3,1574
1044,82,Digital-Social,571,7,6087
1045,28,Digital-Social,1084,11,6463
1046,95,In-store,520,6,2548
1047,1,Digital-Search,120,1,636
1048,4,Trade-Promo,335,2,1229
1049,57,Digital-Social,1392,9,6054
1050,6,TV,507,3,1827
1051,23,Digital-Social,636,11,4244
1052,44,Trade-Promo,603,2,1303
1053,3,Digital-Social,636,1,807
1054,87,Digital-Social,876,10,3506
1055,44,Digital-Social,724,7,3489
1056,48,Digital-Search,1453,2,2831
1057,80,In-store,233,1,530
1058,17,Digital-Social,492,8,4788
1059,89,Digital-Search,751,9,6052
1060,82,Digital-Social,194,12,9554
1061,76,Digital-Social,1196,4,2404
1062,42,Digital-Social,209,10,4569
1063,17,Trade-Promo,1296,7,3844
1064,94,TV,1063,12,11011
1065,79,TV,442,8,4818
1066,97,OOH,1142,5,4442
1067,67,In-store,466,5,4861
1068,48,Trade-Promo,1089,11,8305
1069,61,Digital-Search,1290,6,6108
1070,75,OOH,174,3,1296
1071,26,In-store,580,6,2818
1072,40,In-store,872,9,3662
1073,48,Digital-Search,1227,1,1514
1074,97,TV,704,7,5471
1075,46,Digital-Social,1295,0,1295
1076,66,Trade-Promo,788,6,4454
1077,60,In-store,937,5,4232
1078,41,Digital-Search,883,0,883
1079,57,Digital-Social,643,10,2913
1080,46,TV,703,8,6103
1081,70,OOH,260,12,5456
1082,30,TV,342,1,860
1083,5,Trade-Promo,510,5,2265
1084,87,Digital-Search,612,4,4008
1085,36,Digital-Social,1337,2,3103
1086,95,Trade-Promo,634,0,634
1087,37,Digital-Search,927,6,5385
1088,97,OOH,124,7,5857
1089,66,Digital-Social,914,3,2060
1090,93,OOH,529,7,3252
1091,67,Trade-Promo,1231,12,8779
1092,93,In-store,797,12,3641
1093,41,Digital-Social,978,12,11346
1094,54,Digital-Social,998,7,6045
1095,4,Digital-Search,384,9,2913
1096,40,OOH,119,7,5887
1097,46,Digital-Search,561,6,4071
1098,88,In-store,1201,4,3133
1099,76,TV,1262,12,3446
1100,18,Digital-Social,776,9,7922
1101,78,Trade-Promo,1275,6,4515
1102,27,In-store,230,8,4590
1103,25,In-store,322,5,3987
1104,58,OOH,723,1,1048
1105,14,OOH,1232,2,1596
1106,89,Trade-Promo,1100,0,1100
1107,26,TV,890,4,2330
1108,30,Digital-Search,1450,8,3218
1109,59,TV,854,8,2142
1110,22,Digital-Search,941,6,2801
1111,15,Digital-Social,1198,6,5032
1112,96,TV,896,3,1745
1113,27,Digital-Search,985,11,10115
1114,61,Digital-Social,1336,9,5539
1115,76,Digital-Social,1129,11,10490
1116,59,Digital-Search,513,0,513
1117,58,TV,917,9,4535
1118,68,Digital-Search,1265,7,5612
1119,60,Trade-Promo,180,11,2853
1120,37,OOH,1034,5,5369
1121,92,Digital-Search,900,9,3861
1122,54,Digital-Social,467,9,8567
1123,56,In-store,887,10,4257
1124,90,Trade-Promo,295,6,5485
1125,6,Digital-Social,423,4,3595
1126,69,Digital-Search,1465,1,2329
1127,93,OOH,544,7,4541
1128,98,Trade-Promo,348,5,1488
1129,97,TV,1133,12,6929
1130,53,In-store,437,4,1885
1131,65,TV,1046,0,1046
1132,82,OOH,1483,11,8325
1133,49,Digital-Search,917,3,2585
1134,5,TV,613,1,1489
1135,18,Digital-Search,1472,11,8347
1136,63,In-store,239,1,950
1137,85,Digital-Social,996,2,2260
1138,36,Digital-Social,449,0,449
1139,13,Digital-Social,702,1,1399
1140,95,In-store,444,1,1281
1141,98,TV,1487,4,2715
1142,57,Digital-Search,464,3,3107
1143,5,OOH,1190,3,2996
1144,90,TV,1400,12,9620
1145,83,OOH,1451,1,2000
1146,89,Digital-Search,1009,0,1009
1147,1,TV,872,12,5144
1148,32,Digital-Search,588,3,1317
1149,3,In-store,157,0,157
1150,25,OOH,1470,1,1845
1151,13,OOH,443,11,3974
1152,6,In-store,1149,1,1633
1153,42,Trade-Promo,1383,3,3750
1154,27,Trade-Promo,909,6,2547
1155,30,Digital-Social,316,5,2721
1156,23,TV,923,10,5653
1157,2,In-store,535,7,3160
1158,9,OOH,670,10,8550
1159,48,TV,237,3,1947
1160,39,Trade-Promo,1123,1,2002
1161,69,Trade-Promo,451,4,1439
1162,77,Digital-Search,1392,11,7409
1163,87,OOH,372,5,2017
1164,82,OOH,751,10,7181
1165,9,Digital-Search,136,9,6877
1166,58,In-store,1146,10,5026
1167,65,Trade-Promo,127,3,640
1168,79,TV,732,3,2496
1169,97,Digital-Social,1369,1,1580
1170,18,Digital-Search,1121,4,2545
1171,20,In-store,518,10,2398
1172,31,OOH,1324,7,4726
1173,18,Digital-Search,750,10,2650
1174,67,In-store,1427,4,2123
1175,30,OOH,778,5,2768
1176,27,Trade-Promo,210,10,4250
1177,88,OOH,555,9,5415
1178,67,Digital-Search,475,7,6033
1179,1,TV,1106,1,1453
1180,7,OOH,389,3,1223
1181,12,Digital-Social,1313,8,4185
1182,31,Trade-Promo,260,6,5612
1183,60,Digital-Search,436,11,4308
1184,32,In-store,461,9,4097
1185,39,Digital-Search,1280,7,6880
1186,26,Digital-Search,1085,1,1603
1187,51,In-store,443,7,4650
1188,55,Trade-Promo,1348,11,7871
1189,98,Digital-Social,1087,0,1087
1190,55,TV,714,9,7014
1191,20,Trade-Promo,459,4,2615
1192,60,Digital-Search,1028,4,3164
1193,72,Trade-Promo,1084,1,1575
1194,18,OOH,1061,3,1985
1195,25,TV,126,8,7302
1196,93,Digital-Search,1106,6,4556
1197,51,OOH,864,6,4770
1198,40,OOH,1304,1,1872
1199,5,TV,888,9,3732
1200,25,In-store,622,12,11290
1201,45,Trade-Promo,1100,10,9650
1202,48,OOH,218,10,5658
1203,55,OOH,605,3,2522
1204,5,Digital-Search,1392,11,10654
1205,4,OOH,1463,10,4473
1206,34,Trade-Promo,1032,10,4032
1207,33,Digital-Social,1333,9,8785
1208,21,TV,339,12,3267
1209,83,OOH,887,6,6125
1210,76,TV,1161,3,2910
1211,22,In-store,617,11,5666
1212,65,Trade-Promo,1448,6,5948
1213,40,OOH,942,12,11682
1214,12,TV,1402,9,5920
1215,19,Digital-Search,529,11,6656
1216,90,Digital-Search,113,2,1419
1217,1,TV,243,12,10599
1218,54,Trade-Promo,953,10,5403
1219,94,In-store,449,2,1515
1220,24,OOH,375,3,2319
1221,24,Trade-Promo,325,7,5435
1222,28,Digital-Social,511,0,511
1223,98,Digital-Social,631,6,4237
1224,81,Trade-Promo,323,10,3523
1225,11,Digital-Search,275,6,1937
1226,36,TV,800,0,800
1227,31,In-store,1093,10,3623
1228,2,TV,644,12,2528
1229,86,Trade-Promo,185,1,551
1230,67,TV,869,9,7007
1231,98,Digital-Search,1095,7,4560
1232,78,In-store,789,5,5029
1233,44,Digital-Search,590,5,4745
1234,52,In-store,1350,0,1350
1235,43,TV,106,7,6161
1236,52,OOH,384,0,384
1237,16,Trade-Promo,672,11,5116
1238,48,In-store,1366,10,9606
1239,61,Trade-Promo,946,10,4366
1240,1,OOH,759,0,759
1241,47,TV,766,10,6806
1242,30,Trade-Promo,1092,6,5754
1243,11,Digital-Search,976,7,6744
1244,90,TV,888,4,3972
1245,25,OOH,393,8,6273
1246,92,Trade-Promo,165,2,1483
1247,12,Digital-Search,1478,8,6502
1248,22,In-store,336,7,6132
1249,70,Digital-Social,598,3,1570
1250,97,OOH,283,1,878
1251,92,TV,428,5,3138
1252,99,Digital-Search,551,11,5094
1253,86,In-store,1473,1,2304
1254,18,Trade-Promo,1397,11,8580
1255,12,OOH,781,3,2998
1256,99,Trade-Promo,232,10,5242
1257,49,OOH,881,10,8951
1258,72,In-store,577,3,1822
1259,15,Digital-Search,279,1,520
1260,44,OOH,1312,3,2116
1261,74,Digital-Search,360,5,3055
1262,74,OOH,103,4,955
1263,76,Trade-Promo,488,6,3986
1264,41,Digital-Search,1491,12,4839
1265,67,OOH,1332,9,4725
1266,14,In-store,118,8,5086
1267,41,Digital-Social,707,3,2690
1268,88,In-store,401,9,4361
1269,19,OOH,1462,12,11890
1270,5,Trade-Promo,755,4,3411
1271,89,TV,660,11,8767
1272,62,OOH,541,7,3677
1273,91,In-store,220,12,6112
1274,20,OOH,531,11,4711
1275,90,OOH,207,12,4203
1276,63,OOH,902,4,4202
1277,21,TV,1222,6,4192
1278,55,OOH,1069,5,3819
1279,51,TV,1181,11,6010
1280,37,OOH,499,11,8320
1281,51,TV,368,5,4088
1282,7,OOH,722,7,6462
1283,21,Trade-Promo,381,7,6415
1284,62,Digital-Search,396,3,1515
1285,96,Digital-Social,1433,0,1433
1286,93,Trade-Promo,308,10,3318
1287,49,In-store,1491,2,1905
1288,13,Digital-Search,1070,2,1476
1289,16,Trade-Promo,1431,5,5216
1290,56,Digital-Social,1384,11,7577
1291,32,TV,343,3,2011
1292,63,Digital-Search,1320,2,2956
1293,96,In-store,1473,10,3883
1294,100,In-store,1431,6,4017
1295,81,OOH,1011,5,1816
1296,16,TV,269,1,919
1297,83,OOH,1143,3,1662
1298,76,Trade-Promo,1272,7,4282
1299,89,OOH,293,12,9377
1300,24,In-store,1091,10,9781
1301,56,Digital-Search,1270,2,1772
1302,42,TV,1200,2,2330
1303,90,TV,906,8,6498
1304,68,In-store,230,8,6214
1305,69,OOH,1434,1,1796
1306,85,TV,470,9,8219
1307,24,TV,1236,7,4533
1308,16,TV,363,9,3612
1309,84,Digital-Social,279,8,3575
1310,97,TV,273,1,941
1311,39,Digital-Search,1214,2,2380
1312,85,TV,608,4,1396
1313,67,Digital-Search,1449,8,6289
1314,18,Trade-Promo,1104,11,6274
1315,67,Digital-Search,1341,8,6717
1316,27,OOH,302,10,2252
1317,31,TV,485,2,1397
1318,28,Digital-Social,1333,8,4301
1319,76,Digital-Search,668,2,2460
1320,80,In-store,252,8,3540
1321,34,In-store,1430,2,2548
1322,59,TV,620,10,6470
1323,89,Digital-Social,1197,3,1863
1324,81,OOH,651,10,9281
1325,83,Digital-Social,862,9,8269
1326,83,Trade-Promo,1338,2,2496
1327,20,Digital-Search,988,6,2044
1328,78,Digital-Social,258,4,1366
1329,69,TV,1500,8,6028
1330,9,Digital-Search,1411,1,1932
1331,43,Digital-Search,399,12,4971
1332,36,TV,300,6,2562
1333,49,TV,352,2,1730
1334,94,Digital-Search,1305,12,9117
1335,13,Trade-Promo,814,11,8899
1336,37,Trade-Promo,655,9,2914
1337,7,Digital-Social,751,12,7327
1338,24,Digital-Search,1488,12,9816
1339,71,Trade-Promo,924,7,6216
1340,17,Digital-Search,119,10,6869
1341,92,Digital-Social,1446,2,2038
1342,49,Trade-Promo,647,0,647
1343,82,Digital-Search,610,10,8340
1344,54,OOH,1037,2,2235
1345,46,In-store,1128,4,2856
1346,55,Trade-Promo,568,4,3768
1347,12,Digital-Search,932,12,6572
1348,12,OOH,262,1,1159
1349,31,TV,438,9,2310
1350,11,OOH,685,8,5917
1351,2,In-store,1486,8,8670
1352,18,In-store,1119,8,7927
1353,87,Trade-Promo,355,6,1339
1354,79,Digital-Social,114,11,6549
1355,90,Trade-Promo,806,3,3287
1356,68,OOH,1347,0,1347
1357,58,Digital-Social,1481,12,9713
1358,29,Digital-Social,253,5,1683
1359,66,Digital-Search,204,6,4146
1360,49,Digital-Social,864,1,1360
1361,87,Digital-Social,1204,12,4444
1362,38,Digital-Search,1089,4,2773
1363,28,TV,1392,9,6369
1364,28,Digital-Search,1416,8,2904
1365,60,Trade-Promo,1099,0,1099
1366,1,Trade-Promo,1042,5,3317
1367,46,TV,110,5,4555
1368,24,In-store,826,0,826
1369,56,In-store,504,1,1195
1370,66,Digital-Social,941,1,1590
1371,1,Digital-Social,1444,4,2968
1372,61,In-store,866,4,2958
1373,55,Digital-Social,1198,12,6298
1374,14,In-store,1444,7,3649
1375,18,Digital-Search,988,0,988
1376,91,Digital-Social,326,3,1649
1377,6,Digital-Social,908,6,3842
1378,5,Digital-Social,1464,3,3384
1379,86,Digital-Search,343,6,4243
1380,71,In-store,1496,11,4576
1381,42,In-store,1127,11,7155
1382,17,TV,320,12,2372
1383,17,Digital-Social,804,8,2108
1384,99,OOH,584,0,584
1385,44,In-store,1322,11,3060
1386,56,In-store,692,4,3280
1387,11,In-store,607,9,3361
1388,94,Trade-Promo,482,3,1793
1389,99,TV,639,11,5072
1390,86,In-store,506,7,6617
1391,14,OOH,1128,9,4143
1392,25,Trade-Promo,1388,10,4408
1393,30,TV,370,6,1504
1394,36,Digital-Social,399,6,1407
1395,79,Digital-Social,286,0,286
1396,53,Trade-Promo,727,11,9505
1397,30,Digital-Social,788,6,4628
1398,8,Trade-Promo,974,10,2994
1399,39,TV,651,5,2836
1400,45,OOH,956,3,2387
1401,7,Digital-Social,183,0,183
1402,85,OOH,758,3,2084
1403,61,Digital-Search,1342,1,1933
1404,24,Digital-Search,1106,5,3566
1405,39,TV,298,10,1928
1406,88,Trade-Promo,366,5,2961
1407,95,Digital-Search,1306,8,7458
1408,48,Digital-Social,1431,4,2891
1409,75,In-store,278,1,561
1410,81,OOH,1332,1,1524
1411,76,OOH,490,3,3103
1412,58,TV,253,8,6517
1413,44,Digital-Search,1071,12,5343
1414,69,OOH,414,0,414
1415,25,In-store,1227,11,5715
1416,98,Trade-Promo,811,5,3856
1417,81,OOH,340,6,1654
1418,62,In-store,1172,8,2548
1419,22,Trade-Promo,661,11,3763
1420,38,TV,1259,0,1259
1421,25,OOH,914,7,6871
1422,69,Trade-Promo,253,2,1449
1423,97,Trade-Promo,886,8,5278
1424,52,Trade-Promo,656,3,1670
1425,1,Digital-Social,1271,3,3539
1426,90,TV,1150,7,5805
1427,91,OOH,1175,4,3015
1428,29,Digital-Search,649,8,2817
1429,22,Digital-Social,193,8,3337
1430,38,TV,1409,2,2277
1431,18,Digital-Search,205,10,4245
1432,27,Trade-Promo,337,0,337
1433,45,OOH,1339,5,3749
1434,11,OOH,1224,4,4780
1435,18,In-store,1352,4,3280
1436,8,OOH,121,5,1991
1437,94,Digital-Search,461,4,1125
1438,69,OOH,1294,1,2183
1439,96,OOH,882,10,5012
1440,81,OOH,1337,8,4225
1441,57,Digital-Social,764,4,2196
1442,75,OOH,909,2,2121
1443,30,OOH,988,5,2493
1444,62,TV,1115,2,2355
1445,24,Digital-Social,486,9,6354
1446,94,Digital-Social,1426,4,2110
1447,40,Digital-Social,463,6,5581
1448,78,Digital-Social,242,2,688
1449,55,Digital-Social,1031,10,6651
1450,13,OOH,1178,2,2966
1451,97,TV,1335,1,1871
1452,50,TV,325,0,325
1453,6,Digital-Social,608,12,3428
1454,35,Digital-Social,1384,9,2851
1455,2,TV,1210,11,6666
1456,91,TV,514,2,1796
1457,98,Trade-Promo,1009,2,1937
1458,43,In-store,416,3,1037
1459,70,OOH,647,10,7707
1460,16,TV,191,1,898
1461,38,TV,1147,6,2917
1462,1,Digital-Social,149,3,1910
1463,50,Digital-Social,823,10,5253
1464,29,OOH,887,10,9707
1465,15,In-store,447,1,826
1466,14,Digital-Search,831,1,1611
1467,43,TV,838,1,1032
1468,78,Digital-Social,464,6,4622
1469,43,Trade-Promo,471,10,6321
1470,20,OOH,717,9,4704
1471,45,TV,655,7,6444
1472,48,Digital-Search,256,12,2080
1473,20,OOH,400,5,1905
1474,50,In-store,1079,1,1344
1475,74,In-store,670,2,1154
1476,42,Digital-Social,472,12,7000
1477,46,Digital-Search,1112,6,4964
1478,89,In-store,1332,12,10944
1479,43,Digital-Social,1439,3,3065
1480,54,Trade-Promo,1118,8,6686
1481,64,Trade-Promo,1198,3,2827
1482,11,Trade-Promo,963,8,6891
1483,100,OOH,549,11,3178
1484,31,Digital-Search,105,3,606
1485,47,Trade-Promo,1070,2,1594
1486,8,Digital-Search,839,12,4343
1487,38,In-store,395,8,5043
1488,32,Digital-Social,559,0,559
1489,16,OOH,393,6,5793
1490,4,OOH,969,5,1994
1491,90,TV,1457,9,3482
1492,62,Trade-Promo,423,0,423
1493,47,Digital-Social,261,3,945
1494,2,Trade-Promo,952,2,1624
1495,61,OOH,386,11,7976
1496,90,Digital-Search,1062,6,6396
1497,44,In-store,1420,11,3213
1498,37,TV,419,0,419
1499,5,Trade-Promo,455,8,2967
1500,2,In-store,967,10,7117
1501,71,OOH,628,9,6595
1502,40,OOH,565,6,2425
1503,35,TV,1168,6,2836
1504,96,Digital-Social,920,9,2783
1505,29,In-store,476,11,8418
1506,78,TV,1059,7,4349
1507,84,OOH,929,6,2837
1508,7,Digital-Search,1424,6,3518
1509,35,TV,313,1,834
1510,78,Digital-Search,157,3,1471
1511,21,Trade-Promo,318,1,684
1512,77,TV,733,3,2875
1513,26,OOH,166,3,1441
1514,11,Trade-Promo,1256,0,1256
1515,62,TV,198,5,1423
1516,40,TV,830,12,6098
1517,51,Trade-Promo,499,5,3249
1518,93,Digital-Search,365,11,9605
1519,13,Digital-Search,934,11,8249
1520,13,Trade-Promo,407,0,407
1521,49,In-store,1300,0,1300
1522,21,Digital-Social,1497,7,3107
1523,81,TV,574,3,3115
1524,84,Digital-Social,429,8,5853
1525,94,Trade-Promo,1434,8,5426
1526,58,Digital-Social,794,4,2866
1527,80,In-store,181,11,9520
1528,50,Digital-Social,527,9,7466
1529,10,Digital-Social,1261,10,7851
1530,13,TV,392,12,5984
1531,71,TV,1121,1,1736
1532,41,Digital-Social,705,2,1143
1533,36,Trade-Promo,844,5,2049
1534,10,Digital-Social,1043,4,3579
1535,33,In-store,1431,2,1983
1536,73,In-store,181,5,2396
1537,52,In-store,1369,10,4189
1538,57,Digital-Search,1149,9,5388
1539,48,TV,1497,6,5505
1540,58,Digital-Search,1497,0,1497
1541,83,TV,601,11,8565
1542,2,Digital-Social,315,4,2451
1543,21,Trade-Promo,917,1,1295
1544,50,In-store,1470,1,1977
1545,60,In-store,1415,8,6423
1546,14,TV,469,11,3329
1547,51,In-store,508,6,3424
1548,9,Digital-Search,801,9,6624
1549,28,OOH,1075,1,1510
1550,59,TV,1216,2,2478
1551,19,OOH,537,5,4192
1552,5,Trade-Promo,878,0,878
1553,56,In-store,537,0,537
1554,3,OOH,966,4,2598
1555,82,Digital-Social,271,2,711
1556,36,In-store,267,4,3783
1557,58,In-store,1174,3,3679
1558,34,Digital-Social,210,1,798
1559,44,Digital-Search,436,3,1957
1560,54,In-store,1073,8,7913
1561,21,OOH,994,5,5289
1562,74,In-store,120,8,6208
1563,26,TV,1467,9,8496
1564,19,Digital-Search,1460,11,11360
1565,41,TV,408,7,2515
1566,64,Digital-Search,332,12,10412
1567,53,Digital-Search,1166,11,2849
1568,58,Digital-Social,1399,7,7027
1569,75,TV,174,3,1200
1570,54,OOH,1218,12,5058
1571,77,In-store,542,5,2362
1572,25,OOH,1281,0,1281
1573,47,TV,718,4,3374
1574,16,OOH,1122,10,7282
1575,53,In-store,820,5,4345
1576,55,Trade-Promo,787,1,1117
1577,59,In-store,864,2,2296
1578,77,Digital-Social,1211,6,4451
1579,37,OOH,1493,6,6287
1580,37,OOH,1370,1,1609
1581,14,TV,1430,0,1430
1582,53,TV,1116,11,9784
1583,70,TV,1397,7,6052
1584,75,TV,1467,4,3787
1585,28,Digital-Social,1031,8,5351
1586,15,Digital-Social,1061,1,1570
1587,60,In-store,1420,11,7525
1588,1,Digital-Search,558,8,4078
1589,35,OOH,641,4,2937
1590,87,Digital-Social,108,6,1206
1591,2,TV,414,12,6810
1592,67,OOH,1328,5,3793
1593,22,Trade-Promo,980,3,3137
1594,51,Digital-Social,1362,10,6882
1595,7,Trade-Promo,978,2,2580
1596,50,OOH,455,6,3305
1597,67,Digital-Social,995,3,1748
1598,91,Digital-Social,1132,1,1928
1599,74,In-store,1384,4,4248
1600,21,Digital-Search,517,1,762
1601,4,In-store,123,10,7693
1602,20,TV,1365,11,9131
1603,11,Trade-Promo,883,0,883
1604,59,OOH,1393,12,7585
1605,24,Digital-Social,1436,3,2798
1606,25,Trade-Promo,602,11,6509
1607,99,Digital-Search,1450,0,1450
1608,11,Digital-Social,1384,0,1384
1609,75,TV,327,7,5647
1610,16,TV,390,4,2062
1611,24,TV,258,7,3898
1612,27,In-store,306,7,1510
1613,53,TV,1096,10,3376
1614,27,OOH,959,6,3785
1615,82,In-store,429,2,1339
1616,2,Digital-Social,1450,9,8614
1617,78,TV,340,5,2865
1618,62,Trade-Promo,1328,8,2568
1619,21,Trade-Promo,621,1,968
1620,78,TV,1197,0,1197
1621,66,Digital-Social,542,5,1877
1622,28,TV,770,2,1520
1623,11,OOH,359,4,2079
1624,62,Digital-Social,288,5,4663
1625,71,OOH,702,7,5301
1626,56,Trade-Promo,919,3,2137
1627,23,Digital-Social,675,6,2205
1628,75,Trade-Promo,738,2,1458
1629,93,In-store,987,7,5068
1630,77,OOH,656,5,4591
1631,14,Trade-Promo,884,6,3008
1632,73,Digital-Search,865,10,3015
1633,58,Digital-Social,169,8,3441
1634,76,In-store,701,9,7991
1635,68,Digital-Search,915,0,915
1636,24,Digital-Search,979,12,5059
1637,46,Digital-Social,248,3,2714
1638,48,Digital-Search,397,12,6049
1639,16,TV,752,11,2523
1640,92,Digital-Search,537,7,5654
1641,42,Digital-Social,1250,1,1794
1642,37,Trade-Promo,534,8,3510
1643,14,Trade-Promo,669,11,9161
1644,86,TV,1275,10,7085
1645,88,In-store,750,5,2510
1646,26,TV,1111,7,2490
1647,36,In-store,344,1,957
1648,22,Trade-Promo,769,9,5647
1649,31,Trade-Promo,143,4,815
1650,83,Trade-Promo,109,7,3196
1651,17,In-store,175,8,5695
1652,6,Digital-Search,1420,0,1420
1653,61,TV,950,11,5988
1654,36,Digital-Search,808,6,2194
1655,72,Digital-Search,1111,9,2893
1656,51,Digital-Search,1030,7,6672
1657,16,Digital-Search,1365,1,1544
1658,29,TV,121,2,635
1659,42,OOH,992,3,1964
1660,12,Digital-Social,855,8,2095
1661,89,TV,631,12,2959
1662,15,TV,723,1,1143
1663,43,OOH,1354,12,7810
1664,35,OOH,448,2,1942
1665,59,TV,358,5,1863
1666,97,Trade-Promo,946,10,7016
1667,86,TV,1168,8,4336
1668,74,In-store,1454,7,4513
1669,42,OOH,1088,3,1820
1670,34,Digital-Search,269,5,3874
1671,32,OOH,1425,11,5385
1672,89,TV,253,7,1730
1673,28,TV,1473,3,3360
1674,50,Digital-Social,1098,1,1596
1675,27,Trade-Promo,1180,8,4940
1676,98,Digital-Search,1029,10,4099
1677,65,TV,366,3,1932
1678,50,In-store,1370,8,4226
1679,100,In-store,484,1,918
1680,55,Digital-Social,729,9,8046
1681,14,Digital-Social,1044,1,1306
1682,31,TV,1043,2,1889
1683,4,In-store,1455,8,6359
1684,46,Digital-Search,342,8,2230
1685,46,In-store,534,2,1646
1686,65,In-store,1140,5,2160
1687,57,Digital-Search,857,1,1057
1688,84,In-store,965,3,2318
1689,25,In-store,461,9,4349
1690,68,Trade-Promo,1110,8,5854
1691,14,OOH,202,10,4242
1692,15,Digital-Social,335,0,335
1693,74,Digital-Search,588,1,1282
1694,13,Digital-Search,563,9,8357
1695,92,In-store,902,6,2420
1696,29,OOH,649,7,3169
1697,22,Digital-Social,811,10,5251
1698,91,Trade-Promo,689,11,2372
1699,13,Digital-Social,1130,11,9787
1700,62,OOH,725,11,5059
1701,22,Digital-Search,1495,1,1815
1702,24,Digital-Search,1032,2,1358
1703,86,In-store,976,5,1831
1704,23,Digital-Search,257,2,1947
1705,98,TV,1316,5,4491
1706,75,TV,1100,3,2999
1707,15,TV,135,9,7749
1708,38,Digital-Social,1175,8,3743
1709,97,Digital-Social,292,1,753
1710,95,Digital-Search,1026,7,4589
1711,70,Digital-Search,1458,7,4321
1712,47,In-store,127,5,2417
1713,91,Digital-Search,1160,12,11108
1714,77,In-store,330,4,3738
1715,67,OOH,1410,0,1410
1716,53,Digital-Social,1450,2,2480
1717,64,TV,600,9,8358
1718,56,Digital-Search,522,11,3173
1719,25,In-store,1408,1,1838
1720,81,OOH,1215,7,6038
1721,23,Digital-Search,1490,5,3935
1722,51,Trade-Promo,954,4,2818
1723,25,TV,1286,8,8230
1724,44,Trade-Promo,351,6,4041
1725,73,Digital-Search,690,1,848
1726,64,OOH,401,7,6330
1727,20,Trade-Promo,693,9,7182
1728,86,Digital-Social,721,7,3836
1729,9,Digital-Search,131,7,1468
1730,28,Digital-Search,1314,1,1518
1731,63,Digital-Search,110,6,3170
1732,85,TV,202,4,1366
1733,45,Digital-Search,1128,10,8368
1734,20,TV,654,2,2454
1735,26,In-store,1298,1,1745
1736,29,TV,1069,5,3089
1737,87,OOH,891,6,4239
1738,13,Digital-Search,718,9,4930
1739,23,Trade-Promo,992,10,5792
1740,75,Digital-Social,1499,12,5747
1741,33,Digital-Social,952,8,3784
1742,39,Digital-Search,275,4,3195
1743,81,In-store,1217,2,2285
1744,56,TV,383,8,5199
1745,89,Digital-Search,1131,10,9921
1746,46,In-store,825,6,4587
1747,54,In-store,1044,0,1044
1748,4,In-store,281,12,3797
1749,79,Digital-Search,596,9,6662
1750,48,Digital-Social,1371,8,7203
1751,38,TV,904,2,2028
1752,86,TV,1047,12,9207
1753,59,TV,273,0,273
1754,84,TV,782,9,3023
1755,38,Trade-Promo,1086,11,6465
1756,8,TV,1297,10,8027
1757,95,OOH,208,11,4157
1758,67,Digital-Social,1251,11,8478
1759,18,Digital-Social,1483,10,4563
1760,39,OOH,736,11,2452
1761,63,Trade-Promo,511,1,729
1762,1,Digital-Social,1336,1,2018
1763,13,Digital-Social,518,1,1153
1764,4,Trade-Promo,1008,6,2244
1765,16,Digital-Search,928,7,3294
1766,31,Trade-Promo,633,9,8256
1767,57,OOH,1363,1,1955
1768,19,OOH,144,2,734
1769,96,OOH,592,2,1938
1770,95,OOH,1219,3,3130
1771,62,Digital-Search,692,10,3212
1772,76,In-store,852,10,5162
1773,51,In-store,319,7,4351
1774,55,Digital-Social,157,4,2629
1775,16,Trade-Promo,897,0,897
1776,39,TV,1421,10,9641
1777,80,In-store,187,5,1647
1778,60,OOH,1038,4,1674
1779,21,Digital-Search,1125,8,4045
1780,45,OOH,1175,6,5225
1781,9,Digital-Social,1443,2,2463
1782,84,OOH,1253,5,4353
1783,92,Digital-Social,670,12,10558
1784,39,In-store,239,10,6689
1785,49,In-store,1340,10,4680
1786,74,OOH,1138,12,11026
1787,68,Digital-Search,365,11,5656
1788,76,Trade-Promo,812,9,7850
1789,52,TV,192,0,192
1790,21,Digital-Social,297,10,2877
1791,64,OOH,1075,5,3010
1792,99,OOH,584,1,912
1793,94,In-store,960,1,1173
1794,79,Digital-Search,334,0,334
1795,57,Digital-Search,1342,10,3142
1796,23,Digital-Search,320,11,7030
1797,49,Digital-Social,1405,9,7876
1798,26,Digital-Social,617,7,4803
1799,87,Digital-Search,561,3,1506
1800,56,Trade-Promo,493,1,1239
1801,4,OOH,1469,1,1827
1802,5,Digital-Social,110,5,2945
1803,73,Trade-Promo,247,5,1942
1804,88,OOH,1415,8,6679
1805,25,Digital-Social,1268,7,5902
1806,46,Digital-Search,1366,8,3694
1807,9,In-store,975,10,6325
1808,10,Trade-Promo,260,2,1618
1809,39,TV,341,7,3043
1810,7,Trade-Promo,1207,5,2072
1811,29,Digital-Search,614,6,5834
1812,46,TV,423,4,1327
1813,69,Trade-Promo,594,8,6794
1814,65,Digital-Search,917,9,2789
1815,70,OOH,327,9,6015
1816,34,OOH,161,0,161
1817,54,Digital-Search,510,5,1560
1818,18,Digital-Social,1220,11,6577
1819,97,OOH,227,3,2192
1820,10,Trade-Promo,1349,11,3395
1821,45,TV,952,9,7945
1822,11,Trade-Promo,1080,2,1934
1823,93,TV,313,0,313
1824,65,Digital-Social,1431,5,4386
1825,62,Digital-Search,566,0,566
1826,4,Digital-Social,1194,9,6036
1827,88,OOH,137,8,5281
1828,7,In-store,872,11,3930
1829,56,OOH,974,8,3302
1830,15,In-store,341,9,5075
1831,46,Digital-Social,802,6,2056
1832,31,Digital-Social,288,9,1728
1833,30,In-store,1198,9,2962
1834,2,OOH,611,0,611
1835,8,Digital-Social,998,2,1876
1836,6,Digital-Search,816,9,8196
1837,32,Digital-Search,365,9,5378
1838,62,OOH,350,10,2630
1839,10,Digital-Search,1213,3,3181
1840,91,OOH,831,3,2643
1841,92,Digital-Search,851,12,9419
1842,38,OOH,600,8,3984
1843,41,OOH,1208,8,3256
1844,7,Digital-Search,941,11,9587
1845,63,Digital-Search,260,3,1130
1846,67,Digital-Social,724,11,8600
1847,27,TV,862,11,4107
1848,5,Digital-Social,1001,10,7141
1849,15,TV,1121,0,1121
1850,36,Trade-Promo,886,4,1830
1851,8,Digital-Search,1348,6,5290
1852,3,In-store,887,7,2252
1853,29,Digital-Social,876,2,2526
1854,56,Trade-Promo,207,10,4827
1855,5,Trade-Promo,812,0,812
1856,97,Digital-Search,637,12,9697
1857,28,TV,798,11,9444
1858,56,In-store,216,12,3348
1859,71,In-store,1488,4,4276
1860,60,In-store,1272,11,9313
1861,99,Trade-Promo,632,2,1712
1862,60,OOH,587,2,917
1863,36,OOH,661,1,1066
1864,99,Trade-Promo,705,5,4375
1865,51,TV,1360,4,3440
1866,35,OOH,613,12,10429
1867,99,Trade-Promo,125,1,589
1868,73,OOH,757,4,2089
1869,57,In-store,135,7,1248
1870,60,TV,834,7,6455
1871,72,Digital-Social,936,0,936
1872,11,Digital-Search,1349,8,5117
1873,9,In-store,468,4,2196
1874,34,In-store,360,3,2745
1875,23,Digital-Social,1365,10,3365
1876,30,TV,1440,0,1440
1877,88,Trade-Promo,1001,9,5267
1878,6,Trade-Promo,566,0,566
1879,34,Digital-Search,133,10,5243
1880,70,OOH,191,9,3701
1881,45,TV,258,8,5090
1882,15,Trade-Promo,258,3,1332
1883,42,Trade-Promo,860,10,6610
1884,10,OOH,973,4,2157
1885,4,Digital-Search,1343,12,7559
1886,43,In-store,1435,5,4590
1887,38,Trade-Promo,163,2,1217
1888,6,Digital-Search,407,9,1991
1889,14,Trade-Promo,533,12,6173
1890,66,OOH,1140,12,10080
1891,92,Digital-Search,540,6,5016
1892,5,OOH,407,6,5291
1893,11,TV,559,9,6544
1894,74,OOH,1222,11,7580
1895,69,OOH,348,8,1964
1896,78,In-store,1450,8,6906
1897,57,Digital-Search,651,3,2868
1898,38,Digital-Social,773,3,2333
1899,30,In-store,744,11,3692
1900,89,Digital-Social,1011,11,7270
1901,47,TV,820,8,6156
1902,10,Digital-Search,1438,7,6821
1903,30,In-store,957,3,3156
1904,17,Trade-Promo,601,12,7405
1905,87,Trade-Promo,1463,2,3003
1906,34,Digital-Search,799,5,2149
1907,11,In-store,962,8,3370
1908,74,In-store,1395,12,5619
1909,24,In-store,131,2,677
1910,54,Digital-Search,1235,11,8176
1911,96,TV,358,0,358
1912,4,OOH,441,1,726
1913,66,Trade-Promo,894,6,3966
1914,17,In-store,1240,3,3877
1915,38,TV,789,5,4564
1916,78,Trade-Promo,320,11,2476
1917,10,OOH,826,7,4802
1918,81,In-store,992,4,3544
1919,90,Digital-Social,475,11,8758
1920,66,TV,411,0,411
1921,76,Digital-Search,1480,10,7620
1922,49,Digital-Search,998,2,2338
1923,93,Trade-Promo,672,12,3660
1924,30,Digital-Search,1110,5,2105
1925,73,Trade-Promo,1175,9,7205
1926,55,Digital-Search,761,6,3617
1927,97,Digital-Social,393,0,393
1928,27,In-store,1163,4,4115
1929,79,Digital-Search,303,5,2508
1930,22,TV,689,4,3281
1931,57,Digital-Social,446,4,2106
1932,78,TV,574,10,4924
1933,19,TV,523,8,5883
1934,97,Digital-Social,156,9,1866
1935,70,Trade-Promo,499,0,499
1936,4,Digital-Search,516,4,3452
1937,55,OOH,1011,8,3243
1938,59,Digital-Search,324,11,9927
1939,16,In-store,985,7,3918
1940,12,Digital-Social,670,11,9844
1941,15,Digital-Search,261,11,4408
1942,94,TV,769,2,2107
1943,43,Digital-Search,1028,10,7778
1944,87,TV,744,0,744
1945,13,OOH,1167,5,2887
1946,72,OOH,1382,0,1382
1947,81,TV,603,2,2103
1948,49,Digital-Social,1479,3,2742
1949,61,Digital-Social,1092,2,2408
1950,37,Digital-Social,506,10,2906
1951,67,OOH,538,0,538
1952,9,In-store,1242,9,4509
1953,91,Digital-Social,179,6,5303
1954,34,Trade-Promo,878,10,8348
1955,31,OOH,814,7,5665
1956,85,Digital-Social,714,3,2061
1957,86,In-store,1103,12,10643
1958,51,Trade-Promo,831,8,5967
1959,38,TV,548,1,992
1960,54,In-store,766,3,3250
1961,55,TV,460,7,3792
1962,85,TV,811,11,6938
1963,91,Digital-Social,1090,12,8890
1964,77,In-store,580,0,580
1965,35,Trade-Promo,540,12,7356
1966,8,Trade-Promo,761,4,4125
1967,41,In-store,901,12,8125
1968,55,In-store,633,0,633
1969,63,OOH,548,5,4553
1970,6,Digital-Search,1016,6,3272
1971,74,Digital-Social,1197,3,3567
1972,15,Trade-Promo,1350,5,2760
1973,78,Trade-Promo,140,11,2021
1974,49,TV,782,5,4362
1975,9,OOH,200,8,3120
1976,47,Trade-Promo,506,2,1902
1977,51,OOH,569,4,1829
1978,48,Digital-Search,946,3,3094
1979,94,Digital-Social,127,0,127
1980,97,Trade-Promo,309,8,4765
1981,63,TV,421,4,2253
1982,4,Digital-Social,1393,12,11641
1983,32,TV,657,11,3693
1984,49,OOH,920,2,1772
1985,11,TV,251,8,7363
1986,91,OOH,950,0,950
1987,96,Trade-Promo,1338,2,1832
1988,95,Trade-Promo,901,3,3211
1989,40,Digital-Search,970,8,2354
1990,39,Digital-Search,1039,3,1795
1991,34,OOH,1280,7,5025
1992,38,In-store,290,3,1988
1993,72,Digital-Search,1089,4,4565
1994,69,Trade-Promo,600,6,1602
1995,64,OOH,906,5,4451
1996,92,TV,1026,3,3249
1997,4,In-store,575,7,4271
1998,62,Trade-Promo,323,10,5003
1999,43,Digital-Social,1390,1,1637
2000,72,Digital-Social,525,7,5824
2001,32,TV,389,6,5075
2002,61,Trade-Promo,1260,12,5916
2003,8,In-store,616,6,3424
2004,95,Digital-Search,408,0,408
2005,89,Trade-Promo,1326,6,2256
2006,35,OOH,528,12,9228
2007,63,Trade-Promo,1123,5,5208
2008,31,Digital-Search,1044,11,8128
2009,66,Trade-Promo,266,1,851
2010,90,TV,869,2,1195
2011,21,Trade-Promo,348,2,1052
2012,57,TV,179,6,4121
2013,22,OOH,1174,7,3225
2014,96,Trade-Promo,956,6,1910
2015,38,TV,991,4,4539
2016,87,Digital-Search,1170,5,5065
2017,48,Trade-Promo,1431,2,2019
2018,38,Trade-Promo,518,12,9854
2019,92,Digital-Search,1163,9,4826
2020,61,In-store,531,5,4966
2021,18,Digital-Social,1173,11,8158
2022,2,Digital-Search,952,2,1558
2023,61,TV,111,4,3583
2024,25,Digital-Social,292,8,5244
2025,43,TV,225,9,5886
2026,77,Digital-Social,236,5,4241
2027,72,Digital-Social,806,10,2446
2028,25,Digital-Search,682,6,5170
2029,94,Digital-Search,852,9,5910
2030,33,Trade-Promo,1208,10,9458
2031,26,TV,1313,2,1823
2032,94,Digital-Social,673,2,1511
2033,73,TV,359,12,8567
2034,76,OOH,884,5,4579
2035,99,Trade-Promo,1338,4,4458
2036,86,In-store,528,2,832
2037,30,Digital-Social,287,12,9635
2038,19,Digital-Social,437,7,1487
2039,42,TV,206,2,1552
2040,57,In-store,1461,7,4849
2041,39,Trade-Promo,340,3,2509
2042,51,In-store,889,11,7874
2043,46,Digital-Search,1169,5,4634
2044,11,Trade-Promo,538,2,2134
2045,36,OOH,392,6,4730
2046,57,In-store,613,10,3343
2047,72,In-store,1435,5,3095
2048,4,Digital-Search,1054,12,11086
2049,45,OOH,968,3,3311
2050,72,Digital-Social,883,5,2548
2051,96,TV,501,7,4134
2052,68,Digital-Social,111,9,4314
2053,43,TV,855,4,3511
2054,2,Trade-Promo,659,0,659
2055,36,OOH,1080,6,2244
2056,90,OOH,618,4,3778
2057,8,Trade-Promo,162,11,7114
2058,78,OOH,1030,7,3319
2059,61,OOH,1426,12,9922
2060,14,TV,856,0,856
2061,92,Digital-Social,462,2,930
2062,54,TV,214,7,5828
2063,91,TV,743,1,1450
2064,36,Digital-Social,1441,9,2944
2065,43,OOH,748,11,4301
2066,76,OOH,850,8,2162
2067,86,In-store,952,10,9302
2068,8,TV,495,12,8451
2069,19,OOH,646,1,972
2070,57,TV,664,9,3841
2071,89,Trade-Promo,938,2,2538
2072,96,TV,737,4,3633
2073,45,TV,799,7,5916
2074,90,TV,1259,7,2939
2075,15,TV,473,11,3091
2076,24,Digital-Search,1310,10,3010
2077,99,Digital-Social,121,3,2530
2078,48,In-store,266,11,4688
2079,40,OOH,1415,3,2270
2080,40,TV,876,11,5749
2081,23,Digital-Search,387,9,4644
2082,53,Digital-Social,485,4,1901
2083,23,Digital-Search,631,11,7231
2084,34,TV,1103,5,4813
2085,47,Digital-Search,1414,8,6294
2086,81,OOH,449,0,449
2087,50,Digital-Social,1201,9,4486
2088,90,In-store,810,10,9290
2089,37,Digital-Social,800,11,8115
2090,71,OOH,650,1,1325
2091,99,Digital-Social,628,3,2512
2092,34,TV,336,8,6928
2093,81,Digital-Social,1073,2,2329
2094,76,Digital-Search,862,9,5686
2095,85,Trade-Promo,169,5,4509
2096,14,OOH,834,0,834
2097,54,In-store,785,5,4850
2098,13,Digital-Social,833,4,2097
2099,60,Trade-Promo,481,12,2545
2100,57,Trade-Promo,1034,9,7685
2101,89,In-store,917,7,3710
2102,33,OOH,864,9,5319
2103,62,OOH,921,4,1685
2104,30,Trade-Promo,320,6,3836
2105,100,Digital-Search,1282,6,5824
2106,4,Digital-Social,1148,2,2062
2107,77,OOH,1173,3,3366
2108,97,Digital-Social,366,10,5276
2109,7,TV,733,12,4261
2110,45,In-store,910,2,2152
2111,1,OOH,402,3,1380
2112,39,Digital-Search,264,2,1046
2113,27,In-store,284,11,4684
2114,20,OOH,1237,12,7633
2115,1,In-store,426,5,1686
2116,61,Trade-Promo,907,11,4944
2117,61,OOH,870,7,6981
2118,32,TV,893,2,1843
2119,98,Digital-Social,918,12,6726
2120,37,OOH,969,9,5946
2121,69,TV,810,7,6655
2122,95,Trade-Promo,155,3,2474
2123,23,Digital-Social,855,5,3345
2124,65,TV,1350,9,6363
2125,10,OOH,571,2,1893
2126,25,TV,532,4,2912
2127,12,Digital-Search,886,10,4226
2128,55,Digital-Social,683,4,2867
2129,87,In-store,171,4,2495
2130,23,Digital-Social,915,10,7705
2131,14,In-store,269,5,4529
2132,94,TV,1443,6,2415
2133,21,Digital-Search,363,9,6384
2134,50,OOH,1031,0,1031
2135,84,OOH,922,6,2152
2136,39,In-store,629,11,9418
2137,15,Trade-Promo,1022,8,5270
2138,100,In-store,786,8,4970
2139,15,Digital-Social,968,8,5304
2140,87,TV,407,0,407
2141,91,Trade-Promo,628,3,2659
2142,79,OOH,1031,6,2225
2143,60,Digital-Search,181,1,832
2144,59,Digital-Search,202,9,7870
2145,48,Digital-Search,971,5,5176
2146,38,TV,1211,4,2543
2147,38,Digital-Search,954,0,954
2148,42,Digital-Search,1402,0,1402
2149,15,Digital-Search,174,8,4614
2150,32,Digital-Social,272,8,2240
2151,17,OOH,396,10,6946
2152,56,Digital-Search,807,7,6792
2153,80,Digital-Social,1172,9,6743
2154,6,TV,768,5,1713
2155,19,Trade-Promo,1406,12,4442
2156,49,Trade-Promo,261,5,4271
2157,96,Digital-Search,965,6,1997
2158,24,OOH,626,11,9624
2159,96,TV,987,1,1333
2160,74,Digital-Search,720,9,6804
2161,70,Digital-Social,200,5,3885
2162,61,Digital-Social,994,4,4414
2163,100,Digital-Social,666,8,7362
2164,6,Trade-Promo,916,2,2604
2165,37,Digital-Search,110,6,2282
2166,3,In-store,1445,2,2307
2167,35,In-store,1326,12,10926
2168,41,TV,553,3,1057
2169,91,Digital-Search,552,1,1328
2170,37,OOH,1347,7,6611
2171,54,OOH,1319,5,4839
2172,50,In-store,1242,0,1242
2173,44,Digital-Search,809,7,2944
2174,60,OOH,1121,3,3206
2175,90,Digital-Social,1478,6,3944
2176,52,TV,1453,9,3523
2177,81,In-store,1249,5,2424
2178,27,OOH,1184,5,3489
2179,38,Digital-Search,1024,10,7304
2180,4,Digital-Social,1379,9,4259
2181,80,Digital-Search,1256,6,4706
2182,98,TV,681,8,5897
2183,31,In-store,1200,2,2274
2184,78,TV,298,6,2536
2185,28,TV,1268,4,2596
2186,21,OOH,921,8,5465
2187,46,Digital-Social,956,9,4871
2188,41,Digital-Search,1390,1,2220
2189,88,OOH,1402,5,4722
2190,69,Trade-Promo,903,3,2592
2191,64,In-store,686,7,2856
2192,23,In-store,690,0,690
2193,43,In-store,1443,2,3141
2194,13,In-store,1288,10,7068
2195,54,In-store,486,10,2276
2196,80,Digital-Social,383,9,7439
2197,65,TV,1327,9,9418
2198,53,TV,765,9,4410
2199,22,Trade-Promo,1381,7,7331
2200,12,Digital-Search,146,11,8561
2201,84,In-store,1230,8,4006
2202,21,In-store,855,11,5200
2203,23,In-store,509,5,1934
2204,38,TV,163,3,2386
2205,60,In-store,601,10,8271
2206,57,Digital-Social,462,7,5096
2207,83,TV,1337,5,2902
2208,32,In-store,243,0,243
2209,88,OOH,932,8,5980
2210,50,TV,954,4,4486
2211,69,TV,1343,10,8303
2212,92,TV,998,7,7249
2213,8,Digital-Search,915,11,3005
2214,47,In-store,1147,10,9297
2215,57,In-store,354,1,653
2216,34,Trade-Promo,328,11,3881
2217,47,In-store,1444,5,2919
2218,32,In-store,530,4,1526
2219,43,OOH,251,7,6383
2220,63,Digital-Social,632,5,2892
2221,89,In-store,777,12,8109
2222,90,Digital-Search,1263,4,4295
2223,5,Digital-Social,403,8,3963
2224,4,Digital-Social,859,9,5548
2225,92,Digital-Search,728,11,4160
2226,73,OOH,724,7,6884
2227,57,OOH,703,2,2425
2228,17,Digital-Social,1344,4,3516
2229,33,OOH,566,0,566
2230,75,Digital-Search,403,9,1861
2231,34,Digital-Search,1141,11,8610
2232,52,In-store,1366,2,2370
2233,83,Digital-Social,1302,8,5070
2234,67,Digital-Search,874,7,6565
2235,22,Trade-Promo,1087,2,2377
2236,49,TV,1469,1,1969
2237,29,Digital-Search,522,3,1431
2238,36,Trade-Promo,344,10,3854
2239,46,In-store,1040,9,8267
2240,2,OOH,1173,3,2244
2241,47,OOH,167,6,4913
2242,13,Digital-Search,1139,1,1566
2243,71,Trade-Promo,1201,1,1408
2244,58,Trade-Promo,1170,3,2370
2245,33,OOH,474,11,9450
2246,32,Digital-Social,1034,2,1416
2247,78,Digital-Search,1230,4,2202
2248,96,Digital-Social,230,2,1600
2249,39,TV,525,3,1722
2250,75,Trade-Promo,1077,7,2827
2251,69,TV,753,12,10341
2252,10,Digital-Social,1079,1,1681
2253,11,In-store,504,1,1209
2254,76,Digital-Social,1325,7,4524
2255,73,TV,1291,6,2875
2256,93,In-store,1416,3,3675
2257,82,Trade-Promo,1034,0,1034
2258,97,In-store,1331,4,3947
2259,81,Digital-Social,773,8,5925
2260,66,Digital-Search,1421,4,3101
2261,69,Digital-Social,798,4,4174
2262,72,Trade-Promo,732,10,6732
2263,15,Digital-Social,1098,0,1098
2264,66,In-store,1115,2,1781
2265,9,In-store,1478,4,2462
2266,57,Digital-Search,1406,10,8416
2267,24,Digital-Social,322,12,4966
2268,28,Digital-Search,1127,4,3035
2269,99,Trade-Promo,1066,1,1917
2270,39,Trade-Promo,530,9,8072
2271,20,Digital-Search,420,3,2085
2272,22,Digital-Social,1349,10,4449
2273,42,Trade-Promo,1070,10,8660
2274,54,OOH,651,3,1908
2275,61,Digital-Search,859,2,1785
2276,43,OOH,824,11,6016
2277,58,Digital-Search,971,9,5939
2278,98,In-store,111,12,6867
2279,8,In-store,824,10,3754
2280,59,Digital-Search,139,11,4066
2281,27,OOH,624,4,2752
2282,4,Digital-Search,975,12,7467
2283,42,Trade-Promo,1246,11,5140
2284,28,Trade-Promo,1130,7,4140
2285,14,TV,597,2,1563
2286,93,In-store,1314,7,2693
2287,100,OOH,898,11,10501
2288,63,Digital-Social,673,9,7423
2289,49,TV,307,0,307
2290,44,Digital-Search,1201,5,4191
2291,37,TV,1066,2,1516
2292,42,OOH,947,2,1555
2293,76,Digital-Search,1275,3,3450
2294,12,In-store,602,5,4282
2295,70,OOH,633,8,6177
2296,38,OOH,144,2,582
2297,90,OOH,742,5,3772
2298,96,Digital-Social,477,5,3622
2299,30,In-store,841,5,2606
2300,87,OOH,630,4,3702
2301,96,TV,387,1,1194
2302,53,In-store,911,12,8687
2303,7,Trade-Promo,223,8,4479
2304,3,Trade-Promo,995,0,995
2305,42,Trade-Promo,1107,4,4059
2306,43,OOH,237,11,2734
2307,73,TV,1243,12,4423
2308,69,Digital-Social,1151,1,1888
2309,60,Trade-Promo,1431,3,2103
2310,99,OOH,982,4,3486
2311,58,OOH,411,10,5291
2312,10,Digital-Social,1426,9,5899
2313,59,Trade-Promo,985,0,985
2314,74,Digital-Search,113,9,5054
2315,3,TV,561,5,3496
2316,20,Digital-Search,556,9,8116
2317,99,Digital-Search,1190,7,6923
2318,86,Digital-Social,1276,5,5686
2319,74,Digital-Social,486,12,4098
2320,27,Digital-Search,471,1,647
2321,69,Trade-Promo,180,12,3540
2322,70,Digital-Search,241,5,2601
2323,30,OOH,527,3,1907
2324,21,In-store,655,3,1771
2325,99,Digital-Search,155,2,1355
2326,16,In-store,152,7,2693
2327,49,TV,1015,7,4921
2328,26,Digital-Social,879,9,3372
2329,12,Digital-Social,1137,9,9156
2330,67,TV,433,12,4801
2331,16,In-store,1338,5,3708
2332,54,Digital-Social,530,1,1199
2333,47,In-store,622,8,2734
2334,59,TV,114,6,3594
2335,52,TV,826,5,3161
2336,9,In-store,1435,4,2971
2337,90,TV,1432,10,6922
2338,61,TV,662,11,9594
2339,42,TV,388,3,1381
2340,73,TV,362,8,2834
2341,18,OOH,1062,12,3330
2342,8,Trade-Promo,529,11,9615
2343,38,Digital-Search,1364,6,3230
2344,54,Digital-Social,457,8,2897
2345,95,OOH,471,5,1781
2346,21,TV,1118,3,2507
2347,52,OOH,864,4,4008
2348,42,TV,152,5,1047
2349,61,TV,395,6,1577
2350,70,In-store,1325,11,8882
2351,22,Digital-Social,305,0,305
2352,29,TV,959,1,1224
2353,61,In-store,950,8,5750
2354,18,Trade-Promo,1404,0,1404
2355,61,In-store,626,2,1586
2356,85,Trade-Promo,848,9,8354
2357,92,TV,1078,7,6216
2358,26,Digital-Social,549,8,2805
2359,19,Digital-Social,1450,1,1697
2360,92,In-store,678,9,2991
2361,32,Digital-Social,613,2,2407
2362,85,Digital-Search,773,11,7626
2363,86,Trade-Promo,1164,8,7092
2364,35,Digital-Social,771,6,3969
2365,85,Digital-Social,1286,11,3321
2366,96,In-store,1394,0,1394
2367,24,TV,392,10,2232
2368,31,Digital-Social,912,5,1717
2369,74,In-store,1090,5,2800
2370,81,Trade-Promo,930,7,3513
2371,59,Trade-Promo,638,8,5438
2372,16,OOH,672,10,7432
2373,44,Digital-Search,481,4,2477
2374,63,Trade-Promo,1034,10,3514
2375,86,Digital-Search,1163,4,2019
2376,47,In-store,1415,0,1415
2377,17,TV,565,7,2406
2378,16,Trade-Promo,705,2,1715
2379,40,In-store,993,8,2865
2380,65,Digital-Social,914,8,3706
2381,19,OOH,554,12,2558
2382,26,OOH,824,8,6944
2383,100,Digital-Social,1252,8,6748
2384,7,Trade-Promo,842,8,3922
2385,89,Trade-Promo,441,5,2001
2386,13,OOH,439,10,8429
2387,80,Digital-Social,411,8,6603
2388,55,Digital-Social,670,0,670
2389,38,In-store,1168,6,4990
2390,60,Digital-Search,378,11,5405
2391,1,TV,614,11,8523
2392,86,Digital-Search,527,11,9074
2393,77,TV,221,12,7061
2394,18,Digital-Social,1084,2,1880
2395,51,Digital-Social,1423,6,4723
2396,76,Digital-Social,609,5,1719
2397,29,Digital-Search,387,6,2043
2398,93,OOH,1299,10,4349
2399,27,In-store,391,10,4711
2400,98,Digital-Search,122,10,2822
2401,67,Digital-Search,1173,1,1966
2402,77,In-store,575,10,6555
2403,39,TV,1208,11,9722
2404,59,Digital-Social,244,12,10888
2405,44,Digital-Search,183,6,2649
2406,15,OOH,1055,6,5549
2407,22,OOH,1097,12,6473
2408,29,Trade-Promo,311,1,1210
2409,78,Trade-Promo,842,3,3332
2410,64,OOH,985,6,2233
2411,82,TV,673,11,10573
2412,36,Digital-Search,1411,8,5299
2413,54,OOH,614,5,1789
2414,2,TV,1094,3,3341
2415,64,Digital-Social,1310,6,6296
2416,35,TV,1099,8,7267
2417,73,In-store,1342,8,8006
2418,49,TV,1332,1,2086
2419,83,TV,1278,1,1548
2420,98,Digital-Social,838,9,8380
2421,91,Trade-Promo,963,6,6273
2422,96,TV,811,10,6811
2423,59,Trade-Promo,1170,0,1170
2424,81,OOH,984,10,2744
2425,28,Trade-Promo,470,0,470
2426,43,TV,698,6,1772
2427,94,In-store,619,5,4864
2428,45,Digital-Search,609,4,3033
2429,7,Digital-Search,1038,11,9838
2430,34,Digital-Social,528,8,6208
2431,83,Digital-Search,921,12,6993
2432,100,Digital-Social,1123,1,1614
2433,46,Trade-Promo,1202,11,5415
2434,41,Digital-Search,307,11,2969
2435,82,In-store,740,9,6671
2436,82,Digital-Social,883,3,2146
2437,91,In-store,818,5,3808
2438,47,Digital-Social,445,5,1275
2439,15,Digital-Social,1291,4,3963
2440,90,OOH,1247,4,4139
2441,69,Digital-Social,915,9,8673
2442,10,Digital-Social,291,1,1169
2443,77,OOH,928,4,2124
2444,92,Digital-Search,1191,5,3971
2445,18,In-store,312,11,5262
2446,79,Trade-Promo,268,5,2168
2447,57,TV,603,8,3067
2448,86,Digital-Search,153,7,2806
2449,89,Digital-Social,602,3,2402
2450,83,Digital-Social,397,0,397
2451,32,TV,1353,7,5546
2452,54,Trade-Promo,1228,9,4342
2453,53,Digital-Social,1162,9,6193
2454,81,Trade-Promo,892,11,5479
2455,91,Digital-Search,639,6,3813
2456,47,Digital-Social,755,8,4875
2457,10,OOH,375,5,4720
2458,32,Trade-Promo,1285,2,1781
2459,65,OOH,1074,8,4842
2460,14,Trade-Promo,566,11,6132
2461,92,OOH,1420,8,4452
2462,60,Digital-Search,1276,0,1276
2463,80,In-store,1118,9,6482
2464,9,Digital-Social,145,8,5017
2465,72,OOH,217,5,3407
2466,91,Digital-Social,230,10,5350
2467,9,OOH,665,9,4337
2468,94,TV,1324,7,5461
2469,91,Digital-Social,911,3,3392
2470,58,Digital-Search,1202,11,10442
2471,39,Digital-Search,576,9,6606
2472,53,Digital-Social,1205,10,8705
2473,41,TV,1348,0,1348
2474,97,Digital-Search,1303,1,1525
2475,79,TV,1184,6,6566
2476,21,OOH,498,3,2793
2477,100,Digital-Social,471,0,471
2478,64,OOH,344,5,1549
2479,13,In-store,1275,11,10636
2480,50,In-store,880,11,7865
2481,18,Digital-Search,474,1,942
2482,46,Digital-Social,981,4,3625
2483,12,Digital-Social,633,6,2763
2484,30,Digital-Search,1425,10,3755
2485,44,In-store,292,8,3596
2486,3,Trade-Promo,224,8,1904
2487,88,Digital-Search,295,2,597
2488,68,TV,109,5,2824
2489,40,TV,1263,9,6060
2490,9,Digital-Social,486,10,8336
2491,64,Digital-Social,1196,3,2705
2492,13,OOH,416,9,5213
2493,74,Digital-Social,1002,11,4643
2494,65,Digital-Social,1011,0,1011
2495,5,Trade-Promo,346,12,5974
2496,38,TV,814,10,4154
2497,76,Trade-Promo,442,1,1101
2498,25,Trade-Promo,417,9,4872
2499,59,OOH,1222,6,4870
2500,15,OOH,1235,1,1731
2501,32,Digital-Search,389,3,2345
2502,25,In-store,185,5,1235
2503,62,OOH,1310,1,1992
2504,12,OOH,1441,5,4886
2505,73,Trade-Promo,1189,8,5613
2506,97,Trade-Promo,1417,3,2734
2507,42,Digital-Social,1017,12,5241
2508,38,OOH,973,6,4543
2509,49,TV,1104,0,1104
2510,14,Digital-Search,1249,7,6667
2511,50,Digital-Search,1119,12,6447
2512,99,OOH,212,8,1748
2513,25,TV,728,9,7334
2514,70,Digital-Social,1412,5,2407
2515,69,TV,196,4,2372
2516,25,Digital-Search,1201,0,1201
2517,56,OOH,1141,8,3797
2518,66,Digital-Search,1494,11,3639
2519,28,TV,1036,2,1788
2520,92,Digital-Search,249,11,4187
2521,64,Digital-Social,1269,10,9039
2522,2,TV,881,3,3446
2523,15,Digital-Search,109,3,2584
2524,43,Digital-Social,898,3,2488
2525,52,TV,419,2,1945
2526,32,Trade-Promo,1469,4,3797
2527,88,Trade-Promo,1382,4,2818
2528,84,OOH,658,6,5794
2529,2,In-store,947,6,3551
2530,25,In-store,619,9,2059
2531,81,OOH,909,0,909
2532,99,In-store,363,10,8923
2533,29,TV,1405,1,1673
2534,21,In-store,236,2,1634
2535,42,Digital-Social,625,10,9445
2536,89,In-store,683,8,4227
2537,37,Trade-Promo,635,1,907
2538,51,Digital-Social,277,8,5549
2539,26,Digital-Social,1161,0,1161
2540,62,TV,328,3,892
2541,50,Digital-Social,271,12,10591
2542,9,Digital-Social,992,9,5753
2543,57,OOH,392,7,5719
2544,99,TV,1457,8,4201
2545,99,Digital-Social,751,0,751
2546,2,Digital-Social,799,4,2115
2547,45,In-store,510,10,2580
2548,51,In-store,413,4,3081
2549,9,Digital-Social,476,10,3966
2550,43,OOH,998,0,998
2551,9,Digital-Social,1332,8,4884
2552,72,Digital-Social,393,8,4193
2553,8,TV,233,6,4313
2554,69,TV,1366,11,4919
2555,93,Digital-Search,858,0,858
2556,14,OOH,578,0,578
2557,1,Trade-Promo,219,6,4599
2558,16,Digital-Social,1386,0,1386
2559,70,TV,140,10,6510
2560,74,OOH,890,4,4298
2561,79,In-store,1020,11,5343
2562,88,In-store,1354,4,3366
2563,82,In-store,1081,2,2311
2564,69,Digital-Search,558,2,1444
2565,82,OOH,457,6,2935
2566,21,Digital-Search,142,6,2884
2567,19,TV,1041,6,6303
2568,70,Digital-Social,923,2,2505
2569,46,Digital-Social,931,6,4393
2570,59,OOH,1026,7,4855
2571,60,Digital-Search,791,5,4946
2572,52,Digital-Social,1185,3,2388
2573,28,OOH,491,9,3632
2574,94,OOH,1367,5,4487
2575,71,In-store,867,10,5507
2576,28,In-store,389,7,2216
2577,70,OOH,1026,4,4178
2578,53,TV,508,3,1993
2579,71,Digital-Social,1450,6,5524
2580,56,Digital-Social,1007,0,1007
2581,27,In-store,1262,10,4522
2582,35,OOH,1493,9,4274
2583,83,In-store,1277,12,5501
2584,20,In-store,748,7,3555
2585,95,Digital-Social,1096,5,4971
2586,98,Trade-Promo,1186,11,9909
2587,5,OOH,298,12,2890
2588,11,TV,117,0,117
2589,12,Digital-Search,830,3,1742
2590,28,Digital-Search,235,5,4175
2591,41,Trade-Promo,1014,7,4486
2592,91,Digital-Social,693,4,1705
2593,72,Digital-Social,411,2,1561
2594,16,Trade-Promo,1366,6,3238
2595,72,Trade-Promo,1387,7,7449
2596,36,OOH,610,1,1439
2597,19,In-store,298,12,2578
2598,18,In-store,1068,6,4896
2599,22,TV,1300,11,7031
2600,57,Trade-Promo,1271,2,2487
2601,3,In-store,1475,9,5993
2602,44,TV,857,1,1188
2603,18,Trade-Promo,714,10,6244
2604,20,TV,1469,3,3866
2605,42,Digital-Search,270,5,4105
2606,64,TV,1373,9,6566
2607,22,Digital-Search,617,3,2642
2608,36,Trade-Promo,148,7,3480
2609,22,TV,1429,3,4030
2610,40,Digital-Search,1019,6,3989
2611,6,Digital-Search,1444,7,7219
2612,11,Digital-Search,1229,0,1229
2613,80,TV,1274,0,1274
2614,49,Digital-Social,1062,6,4344
2615,5,OOH,1476,4,4928
2616,49,Digital-Search,851,12,8939
2617,55,In-store,800,2,1808
2618,93,Digital-Search,1231,3,3181
2619,37,Digital-Search,270,7,6129
2620,11,OOH,752,8,2880
2621,3,Digital-Social,319,3,997
2622,23,Digital-Search,233,2,1703
2623,31,TV,254,0,254
2624,2,OOH,798,9,2796
2625,20,Trade-Promo,1382,7,6954
2626,43,OOH,316,9,2782
2627,8,OOH,384,3,1083
2628,24,TV,287,0,287
2629,88,Digital-Social,530,0,530
2630,11,In-store,756,10,7676
2631,25,In-store,504,11,7731
2632,78,OOH,481,7,3589
2633,94,OOH,1312,0,1312
2634,24,Trade-Promo,112,1,442
2635,26,Digital-Search,394,8,6306
2636,25,OOH,353,11,2850
2637,25,Digital-Social,758,12,5354
2638,21,In-store,1401,9,5478
2639,77,In-store,1137,10,5557
2640,28,In-store,613,5,2593
2641,68,TV,1441,10,5511
2642,37,Digital-Social,232,0,232
2643,64,Digital-Search,223,9,5533
2644,11,OOH,1013,0,1013
2645,12,Digital-Search,1304,12,7544
2646,90,OOH,1340,10,3510
2647,73,Digital-Search,753,7,4365
2648,96,In-store,858,7,4057
2649,98,In-store,741,8,3493
2650,30,Trade-Promo,449,0,449
2651,46,In-store,1052,7,4426
2652,52,In-store,1051,7,3193
2653,19,OOH,889,6,1939
2654,18,Digital-Search,881,10,3901
2655,52,Digital-Search,128,6,5090
2656,23,Digital-Social,1314,2,2058
2657,13,TV,901,7,3022
2658,35,Digital-Search,505,0,505
2659,51,Digital-Social,721,8,4193
2660,30,Digital-Social,1096,9,9115
2661,64,In-store,991,2,2289
2662,86,TV,823,1,1041
2663,42,OOH,1076,9,5090
2664,19,Digital-Social,1162,7,3759
2665,54,In-store,126,4,3310
2666,21,Digital-Search,1391,4,4791
2667,80,In-store,1352,1,2115
2668,17,Trade-Promo,677,5,5137
2669,48,OOH,362,5,4002
2670,61,TV,136,7,3832
2671,54,Digital-Social,528,5,4798
2672,30,Digital-Search,1398,7,4457
2673,72,Digital-Search,1282,12,7150
2674,90,Digital-Social,360,5,4345
2675,74,Digital-Social,1314,9,4842
2676,32,In-store,1253,7,2436
2677,41,Trade-Promo,295,6,2101
2678,80,Digital-Search,266,8,5482
2679,60,Trade-Promo,644,1,1254
2680,50,Digital-Social,665,11,3921
2681,47,TV,1070,3,2204
2682,82,TV,770,5,4695
2683,62,Trade-Promo,399,12,5547
2684,41,In-store,743,9,7034
2685,26,OOH,485,9,7406
2686,16,Digital-Search,224,11,4063
2687,68,Trade-Promo,678,3,2283
2688,55,OOH,122,4,1790
2689,27,Digital-Social,706,0,706
2690,84,OOH,963,1,1490
2691,60,Digital-Social,1014,10,6424
2692,72,Digital-Social,1316,7,4613
2693,14,Digital-Search,1033,4,2441
2694,91,Trade-Promo,1028,4,2292
2695,76,Digital-Social,761,0,761
2696,7,Digital-Search,1231,7,4920
2697,19,Digital-Search,868,8,2276
2698,81,In-store,1423,5,4198
2699,23,Digital-Search,1355,12,3575
2700,83,Digital-Search,763,9,7351
2701,6,Trade-Promo,214,11,9938
2702,92,Digital-Social,1117,1,1336
2703,18,Digital-Social,309,8,2845
2704,92,Digital-Social,288,12,6504
2705,46,Digital-Search,266,6,3272
2706,97,TV,1108,6,5356
2707,8,Trade-Promo,952,10,6502
2708,89,Digital-Social,1222,1,1584
2709,58,Digital-Social,336,12,5340
2710,30,Digital-Social,215,10,8705
2711,72,TV,207,10,8847
2712,29,In-store,186,0,186
2713,98,Digital-Social,412,2,1736
2714,41,Digital-Search,893,12,10481
2715,86,In-store,139,8,3707
2716,64,TV,1471,11,10964
2717,54,Trade-Promo,239,0,239
2718,76,TV,527,3,2765
2719,63,TV,815,11,3367
2720,75,Digital-Search,1142,2,2254
2721,28,Digital-Social,1198,0,1198
2722,96,Trade-Promo,676,4,3552
2723,48,Trade-Promo,895,2,1607
2724,97,Trade-Promo,624,5,2374
2725,42,Digital-Search,904,1,1720
2726,37,In-store,159,7,5528
2727,84,OOH,1148,12,7928
2728,27,Digital-Social,330,0,330
2729,14,OOH,521,3,2720
2730,95,OOH,711,11,9951
2731,28,Trade-Promo,721,5,3841
2732,7,OOH,1382,3,3572
2733,33,Digital-Social,1146,0,1146
2734,2,Digital-Social,470,5,2275
2735,64,OOH,895,11,6230
2736,59,In-store,1332,12,5160
2737,63,In-store,1248,9,5226
2738,86,Digital-Social,259,9,2590
2739,1,TV,1368,0,1368
2740,36,TV,721,7,4501
2741,94,Trade-Promo,426,1,630
2742,48,Digital-Social,1422,3,3171
2743,95,Digital-Search,255,4,2563
2744,84,TV,709,12,2929
2745,16,Digital-Search,390,4,2858
2746,27,TV,1403,11,10731
2747,4,In-store,457,0,457
2748,12,OOH,580,7,5781
2749,89,Trade-Promo,659,4,1351
2750,90,Trade-Promo,1082,1,1980
2751,89,Digital-Social,541,1,1098
2752,87,In-store,161,0,161
2753,56,In-store,944,2,1270
2754,74,TV,1444,1,1881
2755,91,Digital-Search,1081,3,2350
2756,4,OOH,656,3,1826
2757,89,In-store,103,10,2053
2758,73,In-store,1244,11,8394
2759,30,OOH,196,4,2284
2760,12,Trade-Promo,852,7,5283
2761,70,Digital-Social,864,10,6164
2762,93,Trade-Promo,1207,2,2163
2763,95,OOH,810,6,2778
2764,75,In-store,862,7,4397
2765,99,Digital-Search,402,10,6962
2766,87,Trade-Promo,935,5,3895
2767,12,Trade-Promo,618,2,1598
2768,46,OOH,1055,7,5969
2769,88,Digital-Social,187,5,3527
2770,81,Digital-Social,1326,5,4841
2771,81,OOH,426,12,9270
2772,18,Digital-Social,911,1,1490
2773,15,Trade-Promo,1214,0,1214
2774,14,Trade-Promo,108,4,2960
2775,86,Digital-Social,564,10,9324
2776,43,In-store,339,5,4834
2777,48,Trade-Promo,908,8,7484
2778,51,Digital-Social,1281,5,4116
2779,89,TV,562,10,8652
2780,59,Digital-Social,485,11,2135
2781,65,TV,1114,2,1560
2782,89,Digital-Search,595,12,7375
2783,39,Digital-Social,1209,10,3689
2784,25,TV,133,0,133
2785,16,Digital-Social,480,12,10632
2786,10,TV,619,7,2516
2787,55,Digital-Search,1454,6,2414
2788,90,Trade-Promo,714,5,3449
2789,48,Digital-Social,722,6,5426
2790,76,In-store,1400,9,8213
2791,6,OOH,1106,0,1106
2792,41,Digital-Search,163,4,3631
2793,61,In-store,1203,12,4203
2794,55,OOH,1302,9,5883
2795,88,In-store,155,6,1289
2796,63,TV,1072,4,3896
2797,12,TV,602,11,10304
2798,81,TV,1031,6,4001
2799,31,Trade-Promo,1061,0,1061
2800,40,Trade-Promo,1024,3,3358
2801,53,TV,121,10,2931
2802,76,OOH,157,8,4997
2803,9,Trade-Promo,471,7,3488
2804,90,Trade-Promo,894,12,9270
2805,84,OOH,199,4,3195
2806,16,OOH,1158,7,3454
2807,58,Digital-Search,433,0,433
2808,77,Digital-Search,973,1,1826
2809,20,TV,507,7,5036
2810,32,TV,893,12,10721
2811,23,In-store,189,4,1537
2812,29,Digital-Search,1498,9,7393
2813,30,OOH,1010,12,11414
2814,15,TV,436,2,1006
2815,95,Trade-Promo,1252,0,1252
2816,64,Digital-Search,980,0,980
2817,68,OOH,854,10,7914
2818,14,In-store,1070,0,1070
2819,56,Trade-Promo,964,1,1180
2820,12,Digital-Search,1461,5,4641
2821,52,Trade-Promo,598,2,1144
2822,4,Digital-Social,276,9,3345
2823,86,Digital-Social,1013,10,8103
2824,48,Trade-Promo,638,7,2164
2825,85,Digital-Social,1292,6,2900
2826,72,TV,575,3,1475
2827,39,Digital-Social,900,0,900
2828,8,Trade-Promo,124,1,811
2829,86,Digital-Search,1299,8,2571
2830,39,Digital-Social,754,3,2677
2831,28,Digital-Social,1459,7,5932
2832,62,Digital-Social,302,2,1396
2833,71,OOH,1384,8,3160
2834,19,OOH,360,8,2744
2835,98,TV,1078,8,2870
2836,73,Digital-Social,605,10,6335
2837,81,Digital-Search,561,4,2825
2838,8,In-store,187,5,2957
2839,4,Digital-Social,1475,11,7327
2840,51,In-store,1341,3,2181
2841,62,Trade-Promo,1143,6,6009
2842,97,OOH,422,3,2711
2843,67,Digital-Search,1118,12,3830
2844,56,Trade-Promo,163,6,1465
2845,72,TV,398,12,10070
2846,6,Digital-Search,668,6,3290
2847,60,OOH,799,4,3591
2848,78,Digital-Search,731,7,5442
2849,63,In-store,1307,11,9260
2850,88,Trade-Promo,1327,10,8697
2851,18,In-store,790,1,1648
2852,63,Digital-Search,1191,8,7439
2853,81,TV,615,10,4855
2854,35,Digital-Search,1317,8,4381
2855,41,Digital-Search,590,9,3695
2856,45,Digital-Search,492,5,3892
2857,87,In-store,670,4,3718
2858,55,OOH,1449,3,3780
2859,18,OOH,704,3,3263
2860,88,Digital-Search,1211,8,5035
2861,27,In-store,1291,8,3907
2862,16,OOH,696,10,4716
2863,27,Trade-Promo,1397,5,3082
2864,83,In-store,867,3,2520
2865,62,OOH,654,9,6234
2866,69,Digital-Search,399,4,3479
2867,10,Digital-Search,354,6,4632
2868,51,TV,236,3,1466
2869,64,In-store,1227,9,5124
2870,66,Trade-Promo,961,3,2227
2871,7,In-store,1386,7,6699
2872,14,In-store,995,6,3815
2873,16,Digital-Social,470,1,990
2874,98,TV,184,1,618
2875,14,Trade-Promo,1196,4,2316
2876,13,OOH,966,3,1536
2877,85,Trade-Promo,222,0,222
2878,44,Trade-Promo,667,4,3027
2879,31,Digital-Social,551,9,7463
2880,74,Digital-Search,1231,5,3191
2881,20,TV,1233,9,5499
2882,98,Digital-Social,451,12,6955
2883,27,Trade-Promo,1362,0,1362
2884,12,Trade-Promo,1357,4,3945
2885,16,TV,604,6,2860
2886,31,In-store,1348,2,2002
2887,29,Digital-Search,319,0,319
2888,86,Digital-Search,991,9,7867
2889,50,In-store,537,3,1293
2890,11,In-store,1009,7,3130
2891,95,In-store,1359,12,7827
2892,3,Trade-Promo,656,3,3173
2893,63,In-store,1173,5,3568
2894,3,In-store,1139,9,6062
2895,57,Trade-Promo,520,5,2005
2896,91,TV,1330,11,10669
2897,49,Digital-Social,927,3,2046
2898,41,Digital-Search,929,4,2545
2899,92,Digital-Search,572,6,5156
2900,61,TV,1253,3,3683
2901,90,TV,1026,11,2918
2902,50,Trade-Promo,806,5,3506
2903,3,In-store,993,11,7659
2904,55,TV,995,4,3019
2905,30,Digital-Search,850,4,3410
2906,21,Digital-Social,548,9,7838
2907,67,Trade-Promo,1187,12,5387
2908,5,In-store,846,0,846
2909,12,OOH,425,1,1205
2910,90,Trade-Promo,202,4,1126
2911,68,Digital-Search,1027,2,1927
2912,19,In-store,670,2,1438
2913,53,Digital-Search,441,8,2185
2914,30,TV,1371,0,1371
2915,84,OOH,460,4,3304
2916,61,In-store,443,3,944
2917,26,Trade-Promo,257,1,510
2918,35,Digital-Social,1193,1,1816
2919,71,Digital-Search,466,2,1858
2920,24,Digital-Social,117,5,1742
2921,99,Digital-Search,1151,0,1151
2922,65,TV,906,2,1548
2923,7,In-store,419,2,1213
2924,78,Digital-Search,1275,12,6495
2925,60,Digital-Social,1031,2,2785
2926,15,OOH,608,2,2218
2927,78,TV,237,6,1971
2928,1,Digital-Search,1043,8,6251
2929,87,In-store,1227,8,8371
2930,52,Trade-Promo,1055,10,7875
2931,46,Trade-Promo,1282,11,7486
2932,97,Digital-Search,1172,6,3092
2933,65,In-store,358,12,2602
2934,27,TV,1328,5,3603
2935,15,Trade-Promo,944,6,4148
2936,39,Digital-Search,148,5,3388
2937,26,TV,541,6,5359
2938,97,Digital-Social,1021,9,3658
2939,84,Digital-Search,911,3,1796
2940,3,Digital-Social,999,4,3591
2941,52,In-store,1052,5,2847
2942,60,Digital-Social,951,0,951
2943,19,OOH,307,4,2439
2944,7,Digital-Search,1052,6,5966
2945,56,TV,1325,4,3377
2946,66,Trade-Promo,1077,0,1077
2947,9,Digital-Search,778,3,2179
2948,65,Digital-Social,122,1,421
2949,96,OOH,1250,4,2094
2950,4,Trade-Promo,547,10,7377
2951,48,TV,1018,6,3970
2952,79,In-store,810,9,5166
2953,37,Digital-Search,204,12,8352
2954,75,TV,997,12,8785
2955,56,Trade-Promo,174,10,7284
2956,94,OOH,1259,8,3003
2957,20,In-store,776,10,9586
2958,57,OOH,1400,4,2588
2959,19,Digital-Social,290,9,5177
2960,36,In-store,551,0,551
2961,39,TV,372,3,2106
2962,73,Digital-Social,955,12,4615
2963,55,Trade-Promo,1263,4,2723
2964,1,TV,434,0,434
2965,94,In-store,235,3,2122
2966,22,OOH,1110,1,1341
2967,86,In-store,801,9,8856
2968,48,In-store,628,9,7117
2969,71,OOH,777,10,9077
2970,42,Trade-Promo,418,10,8898
2971,92,Trade-Promo,1165,10,5515
2972,77,Digital-Social,563,0,563
2973,62,Digital-Search,772,8,4428
2974,64,OOH,928,0,928
2975,39,Digital-Search,318,2,1754
2976,29,Digital-Social,609,7,2751
2977,13,OOH,1210,8,5378
2978,53,OOH,918,6,5298
2979,43,Digital-Search,266,3,1214
2980,80,In-store,1457,1,1928
2981,8,In-store,931,6,2773
2982,54,In-store,162,5,2807
2983,16,Digital-Search,582,7,5153
2984,51,Trade-Promo,538,6,4078
2985,31,Digital-Search,598,9,3460
2986,44,Digital-Social,1324,5,5109
2987,49,TV,306,1,540
2988,95,TV,407,8,5111
2989,64,TV,1427,2,1831
2990,1,In-store,463,0,463
2991,38,Digital-Search,1490,10,10150
2992,46,OOH,1271,1,1462
2993,22,Digital-Search,776,1,965
2994,75,TV,180,9,1530
2995,25,Digital-Social,900,7,2720
2996,35,Trade-Promo,696,9,6888
2997,10,Trade-Promo,682,2,1114
2998,60,Trade-Promo,632,2,2248
2999,100,OOH,1154,1,1812
3000,78,Digital-Social,681,0,681
3001,44,OOH,433,11,7407
3002,58,Digital-Search,1142,4,2942
3003,84,OOH,921,6,3261
3004,40,OOH,768,3,1956
3005,60,Digital-Social,417,0,417
3006,8,Trade-Promo,341,2,861
3007,58,Digital-Social,405,11,2880
3008,37,Digital-Search,755,9,4301
3009,92,In-store,991,6,2641
3010,83,OOH,1475,8,8643
3011,76,Digital-Search,529,7,6276
3012,5,Digital-Search,420,6,2496
3013,45,TV,200,0,200
3014,50,Digital-Social,1119,7,6887
3015,51,OOH,762,7,2764
3016,42,OOH,964,10,5684
3017,97,Trade-Promo,476,0,476
3018,33,In-store,290,7,3734
3019,19,TV,387,3,2412
3020,78,In-store,669,3,3333
3021,24,In-store,178,12,2086
3022,81,Digital-Search,802,12,10150
3023,48,Digital-Search,105,1,749
3024,99,Trade-Promo,513,3,1416
3025,43,OOH,1448,11,8785
3026,36,Trade-Promo,900,8,6932
3027,79,Trade-Promo,502,6,5890
3028,6,In-store,1310,8,4886
3029,69,In-store,191,4,2151
3030,3,In-store,1306,10,3446
3031,61,In-store,1049,9,7664
3032,30,Digital-Search,1310,3,3140
3033,34,Digital-Search,1435,0,1435
3034,86,Trade-Promo,620,6,3146
3035,1,Trade-Promo,569,0,569
3036,58,Digital-Social,913,0,913
3037,7,TV,660,8,6332
3038,54,TV,1127,11,9982
3039,40,Trade-Promo,1458,0,1458
3040,75,Digital-Social,1193,10,8343
3041,37,TV,580,6,4924
3042,93,Digital-Search,462,8,7030
3043,26,TV,979,1,1465
3044,83,Digital-Social,1082,0,1082
3045,17,OOH,628,2,2274
3046,38,OOH,626,6,2516
3047,55,Digital-Social,435,5,1680
3048,98,Digital-Search,733,8,7597
3049,71,OOH,240,1,549
3050,16,TV,590,1,1016
3051,23,TV,1024,5,2394
3052,65,Trade-Promo,1052,8,3252
3053,62,OOH,1358,4,2298
3054,46,TV,823,2,1917
3055,25,Trade-Promo,612,11,2460
3056,80,TV,229,2,827
3057,44,Digital-Social,1169,11,8836
3058,25,In-store,1393,5,2293
3059,44,In-store,985,1,1659
3060,100,In-store,534,2,1222
3061,80,OOH,1090,12,10090
3062,96,OOH,237,11,4439
3063,85,In-store,1241,12,8657
3064,50,Digital-Search,1415,5,3180
3065,6,TV,1027,3,1486
3066,74,Digital-Search,135,10,5445
3067,84,Digital-Search,951,11,2678
3068,41,In-store,274,2,770
3069,77,Trade-Promo,1249,12,4477
3070,76,Digital-Social,1069,7,6081
3071,71,OOH,797,1,1586
3072,5,OOH,749,3,2156
3073,69,In-store,700,0,700
3074,8,Digital-Search,1461,2,3185
3075,34,In-store,413,4,2405
3076,53,TV,1187,5,2317
3077,64,Digital-Search,714,6,1752
3078,4,Digital-Search,771,2,2527
3079,12,Digital-Social,1175,9,8042
3080,13,Digital-Search,332,1,752
3081,99,Digital-Search,751,1,1088
3082,74,Digital-Social,1292,12,4052
3083,30,TV,666,4,3518
3084,97,Trade-Promo,263,12,10811
3085,71,Trade-Promo,1218,4,4078
3086,85,Digital-Search,305,6,1451
3087,40,In-store,290,10,5200
3088,35,OOH,206,2,646
3089,13,Trade-Promo,108,1,746
3090,6,In-store,839,6,5063
3091,14,Digital-Search,425,9,6941
3092,32,TV,784,2,1462
3093,84,Trade-Promo,312,10,1982
3094,61,Digital-Social,359,2,2055
3095,66,Digital-Social,935,0,935
3096,67,Digital-Search,1281,12,12045
3097,100,Digital-Social,1108,8,4252
3098,8,In-store,532,9,8020
3099,50,Digital-Social,1180,4,3188
3100,18,In-store,1309,6,5761
3101,37,Digital-Search,610,9,3103
3102,91,In-store,622,10,8312
3103,64,TV,334,6,4858
3104,25,OOH,618,11,3709
3105,74,Digital-Social,1412,9,3860
3106,86,Digital-Social,371,11,2472
3107,30,Digital-Social,195,11,2648
3108,88,In-store,372,3,1671
3109,15,Trade-Promo,105,10,3755
3110,92,TV,128,6,1682
3111,44,Digital-Social,1015,2,1615
3112,93,OOH,352,5,2762
3113,53,In-store,1450,8,8218
3114,36,In-store,1458,3,3858
3115,19,Digital-Social,897,5,2607
3116,86,OOH,597,7,5147
3117,36,In-store,200,4,812
3118,56,In-store,424,0,424
3119,96,In-store,1173,4,2605
3120,53,TV,688,2,1568
3121,36,Digital-Social,972,12,2940
3122,61,Trade-Promo,233,9,5768
3123,45,Digital-Search,1419,3,3249
3124,26,OOH,664,7,4507
3125,35,Digital-Social,1083,3,2877
3126,18,TV,580,10,7050
3127,50,Digital-Social,1229,8,7685
3128,19,TV,648,11,6467
3129,67,Digital-Search,302,4,3598
3130,67,Digital-Search,926,0,926
3131,73,TV,594,4,2226
3132,32,OOH,1238,9,7880
3133,68,Digital-Social,1385,7,6222
3134,1,Digital-Social,140,5,4420
3135,99,Trade-Promo,959,9,5450
3136,1,In-store,496,2,1018
3137,94,Digital-Search,970,4,4418
3138,35,Trade-Promo,508,10,6118
3139,86,Trade-Promo,1257,9,5892
3140,13,In-store,1066,9,4216
3141,32,Digital-Search,193,5,2768
3142,61,Digital-Social,1190,5,4460
3143,30,In-store,1251,0,1251
3144,10,TV,1257,2,2029
3145,53,TV,519,7,4523
3146,69,OOH,248,1,1095
3147,71,In-store,377,3,1484
3148,28,Digital-Search,298,0,298
3149,2,Trade-Promo,937,1,1374
3150,83,Trade-Promo,1021,3,1756
3151,44,Digital-Social,1352,1,1597
3152,33,Trade-Promo,1199,11,9933
3153,98,Digital-Social,190,7,6175
3154,36,Trade-Promo,442,10,9062
3155,94,TV,1102,3,2815
3156,43,TV,281,8,6249
3157,30,Trade-Promo,668,0,668
3158,90,Digital-Search,830,12,8186
3159,72,OOH,436,0,436
3160,81,Trade-Promo,143,10,4453
3161,25,Digital-Social,421,3,1009
3162,94,Digital-Social,501,3,1557
3163,17,Digital-Search,1043,0,1043
3164,58,Digital-Social,1366,2,1730
3165,16,OOH,518,5,4478
3166,97,Digital-Search,984,2,2692
3167,9,Digital-Social,1070,6,2012
3168,22,Digital-Search,171,8,2803
3169,88,In-store,322,1,633
3170,28,TV,414,6,1980
3171,56,Digital-Social,440,4,3960
3172,67,OOH,1236,10,8166
3173,76,Trade-Promo,775,7,2952
3174,77,Trade-Promo,1452,9,4782
3175,58,In-store,452,9,5897
3176,36,Digital-Search,632,9,3953
3177,94,TV,501,6,3213
3178,49,Trade-Promo,1052,1,1797
3179,15,OOH,359,0,359
3180,95,OOH,1192,1,1915
3181,62,In-store,1430,9,9341
3182,95,Digital-Social,208,8,2880
3183,69,Digital-Social,358,3,961
3184,66,Trade-Promo,1213,1,1610
3185,69,Trade-Promo,271,5,3706
3186,69,TV,631,4,2591
3187,71,Digital-Social,465,0,465
3188,63,Digital-Social,386,12,4886
3189,90,OOH,283,8,2691
3190,80,In-store,246,6,5574
3191,82,Trade-Promo,264,11,5533
3192,59,Digital-Social,1495,4,3475
3193,4,TV,123,12,2247
3194,100,OOH,149,12,10829
3195,4,TV,760,2,2364
3196,75,TV,269,11,4053
3197,62,TV,999,12,9411
3198,83,Digital-Search,217,12,9757
3199,96,Trade-Promo,152,11,3485
3200,46,Digital-Search,876,10,3546
3201,65,OOH,693,12,6081
3202,34,Digital-Social,274,8,2682
3203,77,OOH,1280,8,6384
3204,37,In-store,1169,12,3905
3205,20,Digital-Social,691,8,6979
3206,6,Digital-Search,877,7,2214
3207,65,In-store,1057,0,1057
3208,77,TV,105,10,4275
3209,32,In-store,807,10,5797
3210,12,Digital-Search,1156,4,3924
3211,20,In-store,873,9,3348
3212,31,In-store,405,12,5505
3213,66,Digital-Social,758,5,4893
3214,7,Digital-Search,735,2,2215
3215,49,OOH,185,8,7233
3216,6,OOH,1062,0,1062
3217,27,Digital-Social,940,9,7942
3218,72,In-store,1365,5,2200
3219,99,Trade-Promo,1403,8,4115
3220,17,TV,224,4,1016
3221,16,In-store,617,8,2833
3222,72,Trade-Promo,110,4,3270
3223,94,Digital-Search,1418,2,2838
3224,61,In-store,609,8,3393
3225,49,OOH,484,8,6988
3226,9,In-store,648,3,1572
3227,87,TV,389,11,6538
3228,80,OOH,704,11,4268
3229,67,Trade-Promo,1421,10,9741
3230,94,Digital-Search,934,4,2182
3231,3,Digital-Social,959,12,11567
3232,17,Digital-Search,1182,6,3396
3233,14,Digital-Search,615,1,1238
3234,6,In-store,697,10,6187
3235,21,Digital-Search,865,12,6229
3236,6,Digital-Social,925,12,5533
3237,93,OOH,855,5,4385
3238,88,Digital-Social,701,3,3389
3239,3,OOH,273,7,4025
3240,40,In-store,673,4,3373
3241,74,Trade-Promo,1134,0,1134
3242,94,TV,854,3,3011
3243,90,Trade-Promo,1162,2,2026
3244,43,OOH,374,7,5792
3245,90,TV,1479,11,6957
3246,5,Digital-Search,1408,0,1408
3247,31,Digital-Social,542,3,2081
3248,25,Trade-Promo,627,9,4875
3249,91,TV,908,11,5055
3250,19,TV,284,1,1162
3251,77,In-store,1177,7,7393
3252,16,Trade-Promo,198,9,3375
3253,31,Trade-Promo,287,10,8737
3254,26,In-store,543,2,1671
3255,83,Digital-Search,562,0,562
3256,5,OOH,257,1,1033
3257,98,Trade-Promo,1117,12,6937
3258,50,TV,1045,8,5573
3259,100,Trade-Promo,1174,0,1174
3260,24,Digital-Social,154,12,2314
3261,76,TV,785,12,7673
3262,15,Trade-Promo,361,9,6535
3263,2,Digital-Social,872,5,4037
3264,82,OOH,1118,4,4702
3265,37,Trade-Promo,345,11,6670
3266,1,Trade-Promo,1492,3,3145
3267,48,Trade-Promo,808,2,1226
3268,10,Digital-Search,1336,1,1612
3269,68,OOH,1277,4,2321
3270,70,Digital-Search,562,3,2230
3271,68,In-store,802,0,802
3272,18,In-store,498,2,2278
3273,21,Digital-Social,1342,9,7345
3274,19,TV,591,7,3608
3275,43,Digital-Search,956,1,1200
3276,33,TV,702,2,2066
3277,69,In-store,187,5,4162
3278,3,Digital-Search,586,7,4464
3279,55,In-store,194,8,7074
3280,13,TV,363,6,1371
3281,6,Digital-Social,213,8,3077
3282,47,In-store,914,9,3074
3283,98,TV,891,2,2593
3284,59,TV,756,11,4793
3285,13,Digital-Social,547,4,2539
3286,46,TV,980,8,6684
3287,24,In-store,1271,1,1918
3288,81,In-store,969,12,9657
3289,83,Digital-Social,1372,3,3433
3290,34,Digital-Search,182,1,579
3291,39,Trade-Promo,110,12,8390
3292,58,Digital-Social,801,4,2373
3293,62,OOH,1226,11,8827
3294,18,In-store,194,3,1361
3295,83,Digital-Search,1358,11,4405
3296,7,TV,1466,5,4526
3297,89,OOH,136,9,1918
3298,65,Digital-Search,1256,9,9122
3299,9,Digital-Search,685,9,3709
3300,3,OOH,1027,4,4011
3301,22,In-store,1324,11,9420
3302,80,OOH,961,12,10429
3303,74,In-store,1445,4,4305
3304,83,Trade-Promo,1329,11,11196
3305,87,OOH,1034,1,1718
3306,38,Digital-Social,1196,12,7484
3307,75,In-store,1404,9,5040
3308,19,Digital-Search,1257,1,1708
3309,3,Trade-Promo,734,9,7781
3310,25,Digital-Social,489,1,828
3311,100,Digital-Social,702,12,4230
3312,100,In-store,927,9,7434
3313,8,In-store,1374,11,3277
3314,72,In-store,417,6,5247
3315,16,In-store,955,0,955
3316,57,Digital-Social,542,4,3442
3317,93,Digital-Social,1164,9,4539
3318,42,OOH,1456,9,6136
3319,84,Digital-Social,1165,2,2811
3320,72,TV,683,0,683
3321,53,OOH,341,2,2063
3322,73,Trade-Promo,989,5,1889
3323,71,Digital-Social,931,9,5584
3324,70,OOH,400,6,5356
3325,35,TV,1227,6,5643
3326,49,Digital-Search,933,10,3173
3327,28,TV,1250,7,5352
3328,13,OOH,398,12,4526
3329,68,Digital-Search,1270,5,2635
3330,33,Digital-Social,646,6,4870
3331,20,Digital-Social,1303,12,6919
3332,66,Digital-Search,1382,0,1382
3333,22,In-store,558,0,558
3334,86,Trade-Promo,989,9,5939
3335,50,TV,212,1,758
3336,65,Digital-Social,253,1,1087
3337,25,Trade-Promo,785,0,785
3338,9,In-store,1180,0,1180
3339,83,Digital-Search,264,4,3440
3340,78,TV,758,0,758
3341,53,Digital-Social,1389,8,4189
3342,75,In-store,1414,6,6166
3343,19,TV,854,3,3260
3344,36,Digital-Search,134,7,4341
3345,57,Trade-Promo,676,6,2572
3346,8,OOH,1019,2,2805
3347,52,In-store,1475,2,2995
3348,18,Digital-Search,139,8,2091
3349,96,In-store,1380,7,5181
3350,7,Digital-Social,1257,11,9683
3351,9,Digital-Search,146,6,4262
3352,87,Trade-Promo,638,1,987
3353,26,Digital-Social,1029,3,1752
3354,17,Digital-Search,832,11,4407
3355,26,Digital-Search,921,1,1549
3356,70,TV,1050,0,1050
3357,22,OOH,308,1,1075
3358,21,TV,877,1,1251
3359,97,In-store,587,8,7267
3360,41,Digital-Social,1057,7,6020
3361,74,Digital-Search,870,1,1214
3362,28,In-store,252,10,7332
3363,38,Digital-Search,641,9,2441
3364,93,Digital-Social,1285,5,2275
3365,19,In-store,702,8,2254
3366,13,In-store,664,4,1480
3367,31,In-store,519,10,4579
3368,14,In-store,1063,8,3143
3369,19,In-store,1123,10,7873
3370,22,Digital-Social,253,0,253
3371,82,TV,1106,9,7397
3372,24,TV,1386,3,2637
3373,67,In-store,451,9,6832
3374,44,OOH,1106,12,11882
3375,88,Trade-Promo,996,3,2754
3376,30,Trade-Promo,597,1,1274
3377,23,Trade-Promo,1495,5,4335
3378,4,Digital-Search,568,9,6058
3379,95,TV,1109,12,11537
3380,76,Trade-Promo,1403,6,4775
3381,88,TV,1028,7,7090
3382,8,In-store,1116,3,2808
3383,67,Digital-Social,131,5,891
3384,49,Trade-Promo,394,1,1218
3385,22,Digital-Social,558,10,5628
3386,42,OOH,426,1,978
3387,87,OOH,849,0,849
3388,70,In-store,314,10,4524
3389,52,Trade-Promo,407,11,2871
3390,67,OOH,456,1,1190
3391,18,Digital-Search,1262,6,4964
3392,97,Trade-Promo,180,8,6212
3393,69,OOH,649,3,2419
3394,80,Trade-Promo,1209,4,4045
3395,3,Digital-Social,359,0,359
3396,5,Trade-Promo,570,10,7620
3397,56,OOH,1325,11,10763
3398,33,Trade-Promo,697,10,3527
3399,39,Trade-Promo,791,11,9305
3400,66,Trade-Promo,1389,1,2201
3401,11,Digital-Search,810,7,6347
3402,70,Trade-Promo,1037,12,3269
3403,89,OOH,1003,1,1518
3404,23,Digital-Social,1214,6,4862
3405,50,In-store,501,8,7077
3406,24,TV,1360,7,4377
3407,49,TV,1357,1,2243
3408,81,OOH,1044,7,6469
3409,69,In-store,887,8,3311
3410,80,Trade-Promo,993,8,6265
3411,92,Digital-Social,365,5,3755
3412,74,Digital-Social,1111,11,3190
3413,83,Trade-Promo,751,10,7611
3414,1,In-store,1417,2,3113
3415,81,Digital-Social,855,0,855
3416,35,TV,1458,5,4203
3417,49,OOH,1368,5,5628
3418,59,Trade-Promo,178,0,178
3419,16,Digital-Social,672,8,3312
3420,100,OOH,801,5,2921
3421,33,Digital-Social,1172,6,4898
3422,76,In-store,501,2,1523
3423,79,Digital-Search,480,10,4500
3424,82,Digital-Social,1499,8,7411
3425,35,In-store,555,3,2682
3426,74,TV,796,6,2704
3427,34,TV,1493,5,3198
3428,69,Digital-Search,1089,2,2091
3429,50,Digital-Social,1278,2,2404
3430,76,Digital-Social,555,5,4015
3431,78,OOH,857,1,1235
3432,65,TV,1246,11,7296
3433,48,Digital-Search,152,10,6662
3434,67,Digital-Search,891,8,4747
3435,3,Trade-Promo,756,12,8544
3436,99,OOH,688,4,2204
3437,1,Digital-Social,727,10,8607
3438,16,OOH,1149,9,3183
3439,15,In-store,1326,7,3552
3440,7,Digital-Social,1168,11,6569
3441,75,Digital-Social,651,12,2907
3442,12,Digital-Search,530,6,3314
3443,12,Digital-Search,701,7,2521
3444,42,Digital-Search,514,1,885
3445,94,Digital-Social,849,9,4170
3446,54,In-store,1174,1,1567
3447,55,In-store,749,0,749
3448,80,Digital-Search,406,11,9294
3449,14,Digital-Search,278,0,278
3450,23,In-store,884,9,7103
3451,16,OOH,1311,8,6383
3452,72,TV,1339,11,4463
3453,97,In-store,113,4,2189
3454,17,Digital-Social,1153,8,6921
3455,99,Digital-Search,923,2,1503
3456,43,Trade-Promo,976,6,2230
3457,42,Trade-Promo,1137,6,4797
3458,69,In-store,672,4,1956
3459,18,In-store,791,8,4751
3460,95,OOH,672,8,7048
3461,44,OOH,1304,6,4436
3462,41,OOH,1356,4,2684
3463,65,Digital-Social,723,9,3162
3464,11,OOH,976,5,1856
3465,18,TV,180,0,180
3466,40,Digital-Search,1409,3,3659
3467,83,Digital-Social,248,3,1100
3468,83,TV,767,5,1867
3469,27,TV,763,5,3973
3470,5,Trade-Promo,517,10,8497
3471,55,Trade-Promo,473,10,2993
3472,37,Digital-Search,682,8,6178
3473,79,In-store,890,9,7946
3474,92,In-store,395,7,6387
3475,29,In-store,1019,10,7029
3476,93,Digital-Search,1417,6,3235
3477,96,TV,365,5,3750
3478,95,OOH,443,5,2663
3479,27,TV,1176,3,2157
3480,91,Trade-Promo,316,11,3462
3481,25,TV,358,3,2671
3482,19,OOH,114,10,4734
3483,80,TV,220,6,1168
3484,12,Trade-Promo,601,6,3109
3485,63,Digital-Social,517,11,8393
3486,60,Digital-Search,149,8,2701
3487,99,In-store,927,8,7911
3488,12,OOH,1033,2,1703
3489,45,In-store,1050,5,3130
3490,96,Digital-Search,1251,10,5471
3491,62,Digital-Social,876,2,2344
3492,5,Digital-Search,391,9,2569
3493,66,OOH,1028,6,5966
3494,71,Digital-Social,309,6,1533
3495,71,Digital-Social,1000,1,1810
3496,61,Digital-Social,229,7,6200
3497,28,Digital-Social,1007,12,11615
3498,94,Digital-Social,1256,10,8716
3499,24,TV,767,2,1419
3500,20,Trade-Promo,1260,9,4581
3501,95,In-store,450,1,1350
3502,55,Digital-Search,1446,9,3489
3503,82,Digital-Search,583,8,6287
3504,19,Digital-Social,441,5,4531
3505,47,OOH,600,12,9492
3506,70,Digital-Social,755,8,4475
3507,35,In-store,350,7,6594
3508,83,In-store,1109,3,2054
3509,51,Digital-Search,606,0,606
3510,43,Digital-Search,619,9,6559
3511,79,OOH,338,2,1552
3512,78,Trade-Promo,998,0,998
3513,74,Digital-Social,1001,1,1316
3514,8,Digital-Search,604,10,8204
3515,60,Trade-Promo,1119,11,4034
3516,28,In-store,769,2,2255
3517,72,Trade-Promo,597,2,1201
3518,4,OOH,301,2,1347
3519,51,OOH,211,8,2947
3520,23,TV,191,4,3059
3521,63,Trade-Promo,1053,8,6373
3522,65,Trade-Promo,997,5,5247
3523,27,OOH,862,10,7622
3524,46,Digital-Social,584,10,7554
3525,51,TV,182,3,683
3526,36,Digital-Search,583,6,5443
3527,11,Trade-Promo,1275,5,2585
3528,59,TV,810,2,1540
3529,94,Trade-Promo,291,0,291
3530,83,Trade-Promo,442,12,11206
3531,76,OOH,813,10,2553
3532,12,Digital-Search,507,7,3538
3533,84,OOH,1147,3,1771
3534,79,Digital-Social,110,9,5285
3535,61,TV,530,10,8100
3536,64,TV,1346,1,1644
3537,51,TV,1396,2,3194
3538,20,TV,524,2,1064
3539,88,OOH,1042,6,4804
3540,97,OOH,385,0,385
3541,78,OOH,1479,1,1747
3542,15,In-store,924,1,1206
3543,24,TV,347,9,8339
3544,5,In-store,378,11,5889
3545,85,OOH,1183,12,8359
3546,32,Digital-Social,1375,11,11242
3547,28,TV,701,9,3824
3548,56,In-store,790,3,2887
3549,2,OOH,466,7,6178
3550,86,Digital-Search,1166,1,1469
3551,98,Digital-Search,460,1,702
3552,37,TV,1243,10,6783
3553,81,Trade-Promo,387,5,1177
3554,74,OOH,768,2,1374
3555,77,Digital-Search,869,2,1203
3556,76,Digital-Social,851,5,5291
3557,49,TV,1441,0,1441
3558,92,OOH,1265,9,5792
3559,17,OOH,1294,7,2463
3560,100,TV,568,7,2465
3561,19,Digital-Search,490,6,3592
3562,71,Digital-Search,1205,5,3935
3563,40,Digital-Social,534,0,534
3564,10,OOH,419,0,419
3565,62,TV,965,1,1485
3566,79,Digital-Social,1081,3,3241
3567,64,Digital-Search,223,2,1749
3568,80,TV,1007,11,10775
3569,11,In-store,972,9,2520
3570,53,Digital-Social,366,2,1242
3571,68,OOH,319,5,2704
3572,34,Digital-Social,1393,10,2963
3573,29,OOH,684,0,684
3574,8,TV,134,9,4823
3575,52,In-store,1255,12,10915
3576,58,Digital-Search,966,12,6546
3577,80,TV,859,7,6137
3578,87,Digital-Search,861,4,3201
3579,23,Digital-Social,614,7,2420
3580,18,Digital-Search,1045,6,1957
3581,15,TV,1236,0,1236
3582,66,TV,179,3,710
3583,95,In-store,1234,3,1990
3584,58,In-store,665,12,3569
3585,63,Digital-Social,967,8,2511
3586,70,TV,1158,1,2052
3587,86,Digital-Search,1017,1,1318
3588,76,TV,321,5,4676
3589,8,In-store,272,3,2282
3590,6,In-store,1027,1,1429
3591,7,In-store,569,5,1724
3592,7,Digital-Search,839,8,4295
3593,63,Digital-Search,508,12,7228
3594,23,TV,502,0,502
3595,73,In-store,472,5,3942
3596,68,OOH,827,7,4929
3597,91,In-store,1320,4,3952
3598,4,Digital-Social,346,8,1586
3599,43,Digital-Social,1474,12,5734
3600,78,In-store,420,12,7620
3601,33,In-store,906,6,2718
3602,11,Digital-Search,1298,1,1985
3603,31,Digital-Social,1072,0,1072
3604,8,Digital-Search,925,6,4435
3605,13,Digital-Search,776,10,8306
3606,4,TV,338,0,338
3607,76,In-store,1465,7,3404
3608,33,TV,140,11,9160
3609,34,Trade-Promo,583,8,6303
3610,9,OOH,1252,12,11644
3611,91,OOH,652,9,2029
3612,41,Digital-Social,1467,11,3854
3613,41,Digital-Social,186,4,3286
3614,78,Trade-Promo,177,12,9213
3615,39,OOH,1324,7,5202
3616,78,Trade-Promo,1109,10,4899
3617,83,TV,506,7,5784
3618,57,OOH,346,6,3592
3619,78,Trade-Promo,699,1,1269
3620,49,TV,404,3,2342
3621,37,TV,1093,7,6231
3622,35,Digital-Social,577,2,1537
3623,56,Digital-Social,531,11,9936
3624,66,OOH,1310,9,5324
3625,75,Trade-Promo,333,9,5787
3626,2,TV,640,2,1822
3627,85,Digital-Social,153,3,2037
3628,7,Trade-Promo,1043,8,3643
3629,14,TV,941,0,941
3630,85,OOH,1450,0,1450
3631,85,OOH,631,1,1339
3632,11,Digital-Social,856,10,9536
3633,97,Trade-Promo,1270,8,7342
3634,65,Trade-Promo,1018,2,1546
3635,11,In-store,145,11,7845
3636,65,OOH,1303,4,4611
3637,66,TV,244,8,4708
3638,34,Digital-Search,1195,2,1823
3639,98,TV,1024,5,4444
3640,66,OOH,577,9,5977
3641,65,Digital-Search,996,0,996
3642,23,TV,152,4,2964
3643,6,In-store,1071,5,4241
3644,86,TV,468,3,2085
3645,73,TV,713,9,5771
3646,12,OOH,1468,1,1779
3647,66,In-store,1481,9,5315
3648,22,Trade-Promo,1473,6,5811
3649,65,Digital-Social,1048,11,7109
3650,75,OOH,1077,10,9077
3651,7,Digital-Search,188,9,4805
3652,30,OOH,341,4,1301
3653,75,In-store,330,5,3265
3654,6,In-store,1230,10,5270
3655,23,In-store,681,10,9251
3656,71,Trade-Promo,559,5,5009
3657,49,Digital-Search,319,12,7771
3658,75,OOH,1472,10,7042
3659,24,Digital-Search,1410,0,1410
3660,54,OOH,1410,4,4506
3661,49,In-store,1219,3,3880
3662,34,Trade-Promo,979,0,979
3663,58,Trade-Promo,739,2,1171
3664,57,TV,413,8,4381
3665,14,In-store,391,2,1419
3666,75,Digital-Social,1390,6,3976
3667,70,Trade-Promo,356,0,356
3668,74,Digital-Social,644,8,5116
3669,69,OOH,1127,3,3461
3670,6,In-store,381,4,2597
3671,62,Digital-Social,1179,7,6541
3672,74,TV,970,0,970
3673,9,TV,714,1,1083
3674,15,Trade-Promo,608,5,4743
3675,97,Trade-Promo,1410,2,2128
3676,92,In-store,321,3,1425
3677,61,OOH,934,0,934
3678,24,Digital-Social,189,4,2101
3679,72,Trade-Promo,293,6,3233
3680,100,OOH,144,2,1180
3681,36,Digital-Search,1114,2,1950
3682,16,Trade-Promo,299,6,3149
3683,84,TV,495,11,5401
3684,36,TV,1261,6,4627
3685,9,In-store,1091,11,3467
3686,99,Trade-Promo,359,11,4913
3687,77,Trade-Promo,1273,12,9781
3688,81,TV,1219,8,8387
3689,1,In-store,1045,8,3429
3690,13,Digital-Search,263,7,3252
3691,53,Trade-Promo,314,12,4886
3692,42,Trade-Promo,478,6,5224
3693,49,Digital-Search,1218,6,5904
3694,85,Trade-Promo,1364,12,6212
3695,90,Trade-Promo,910,11,9523
3696,71,In-store,738,8,5058
3697,73,Digital-Search,284,5,2774
3698,76,Digital-Search,742,12,10642
3699,7,TV,354,9,2946
3700,93,Trade-Promo,1491,2,1909
3701,88,In-store,839,3,3428
3702,49,OOH,191,5,1521
3703,10,In-store,260,6,5354
3704,94,TV,565,9,6865
3705,97,Trade-Promo,908,3,2651
3706,41,Digital-Social,941,11,9884
3707,17,TV,1154,9,4898
3708,42,Digital-Search,1327,0,1327
3709,63,TV,200,0,200
3710,84,OOH,1272,4,2428
3711,39,Trade-Promo,1288,4,2620
3712,7,Digital-Search,870,6,5958
3713,36,OOH,1240,9,6595
3714,56,In-store,940,0,940
3715,56,Digital-Search,431,0,431
3716,41,In-store,845,7,5066
3717,44,Trade-Promo,159,9,5658
3718,40,Digital-Search,552,3,2556
3719,78,TV,970,2,1766
3720,48,Digital-Search,928,6,2626
3721,82,Digital-Social,957,5,5292
3722,38,TV,322,6,5104
3723,43,Trade-Promo,1345,5,3265
3724,7,TV,1482,6,3366
3725,24,TV,458,2,1360
3726,24,In-store,976,7,6996
3727,85,In-store,736,6,2458
3728,98,Digital-Search,1355,1,1904
3729,4,TV,261,2,1135
3730,91,TV,289,5,3614
3731,33,Trade-Promo,1158,10,6628
3732,8,TV,1199,0,1199
3733,61,Trade-Promo,1157,6,5009
3734,92,In-store,1244,2,1944
3735,11,Digital-Social,1283,9,5927
3736,57,TV,659,7,2675
3737,92,In-store,638,2,2244
3738,55,TV,401,11,3294
3739,22,TV,517,8,3773
3740,30,OOH,1080,5,2995
3741,56,Digital-Search,1305,11,7300
3742,97,Trade-Promo,198,7,5217
3743,45,OOH,445,5,2550
3744,66,Digital-Social,734,2,1286
3745,86,Trade-Promo,576,8,4432
3746,33,Digital-Search,649,0,649
3747,87,In-store,621,4,3893
3748,48,Digital-Search,1435,7,4907
3749,95,Digital-Social,503,1,767
3750,18,Digital-Social,415,11,7103
3751,37,Trade-Promo,1359,12,12135
3752,63,OOH,1371,11,3967
3753,58,In-store,915,12,5247
3754,32,OOH,701,10,8761
3755,87,OOH,440,7,2701
3756,4,Digital-Social,1236,8,5540
3757,88,Digital-Social,249,7,3833
3758,92,TV,1441,8,3137
3759,9,Trade-Promo,892,3,1468
3760,33,Digital-Search,1401,3,1950
3761,50,Trade-Promo,570,5,5000
3762,70,Trade-Promo,396,4,3552
3763,30,Digital-Search,570,4,1218
3764,5,OOH,1399,11,4215
3765,66,TV,911,7,5356
3766,65,Digital-Search,1153,1,1738
3767,45,Digital-Social,671,4,2311
3768,86,Digital-Search,635,4,2983
3769,7,Trade-Promo,530,8,4690
3770,89,TV,1073,9,8129
3771,28,In-store,1231,1,1396
3772,83,OOH,1433,12,12149
3773,86,Digital-Search,593,10,8193
3774,16,Digital-Social,1199,7,5847
3775,66,OOH,623,8,4983
3776,80,Trade-Promo,1286,6,5786
3777,68,Trade-Promo,417,12,10701
3778,77,TV,726,5,3936
3779,75,OOH,372,7,2171
3780,36,In-store,1494,2,2312
3781,49,Digital-Social,174,12,3066
3782,94,Trade-Promo,1206,11,7146
3783,91,Digital-Search,458,4,1598
3784,27,Trade-Promo,1428,3,3696
3785,58,Digital-Social,1167,3,2346
3786,73,TV,409,1,1220
3787,85,Trade-Promo,1123,0,1123
3788,21,Trade-Promo,530,2,1888
3789,66,TV,1283,8,4219
3790,22,Digital-Social,348,0,348
3791,2,Digital-Social,571,2,875
3792,3,TV,1169,6,4901
3793,56,In-store,334,0,334
3794,66,OOH,1322,10,8532
3795,87,In-store,891,1,1052
3796,71,TV,705,3,2298
3797,50,TV,691,0,691
3798,31,Trade-Promo,692,5,4767
3799,32,OOH,274,9,6322
3800,97,TV,1088,4,3412
3801,97,Trade-Promo,1413,2,2111
3802,41,Digital-Search,936,9,5193
3803,87,TV,171,0,171
3804,94,TV,1036,12,7792
3805,24,TV,857,4,2805
3806,96,Trade-Promo,876,7,2458
3807,43,TV,194,6,3752
3808,86,In-store,964,4,1940
3809,10,TV,1425,6,4599
3810,39,TV,284,11,4464
3811,37,TV,1015,8,4863
3812,13,In-store,1357,9,5182
3813,99,Trade-Promo,1061,0,1061
3814,79,TV,852,12,9552
3815,98,Digital-Social,980,6,5246
3816,26,Digital-Search,1234,2,2306
3817,69,OOH,1262,9,8336
3818,52,Digital-Social,895,9,6475
3819,2,Trade-Promo,579,8,5323
3820,72,Trade-Promo,1165,10,8455
3821,16,In-store,1183,10,9443
3822,83,In-store,1358,1,1880
3823,4,Digital-Search,1311,6,3315
3824,47,In-store,258,9,5793
3825,49,TV,1317,3,2154
3826,3,TV,371,6,5579
3827,98,Digital-Search,1030,10,7870
3828,74,Trade-Promo,482,6,1472
3829,39,TV,1233,0,1233
3830,48,Digital-Social,249,12,7713
3831,47,Digital-Search,1145,5,2495
3832,59,In-store,1035,4,4527
3833,12,OOH,382,7,3553
3834,50,Trade-Promo,478,12,3190
3835,13,Trade-Promo,1478,12,11198
3836,71,Digital-Social,674,1,1447
3837,92,Trade-Promo,924,2,2116
3838,35,Digital-Social,433,2,1967
3839,62,Digital-Search,1149,9,3183
3840,58,TV,641,11,10519
3841,47,Digital-Search,370,1,1086
3842,45,OOH,701,5,3936
3843,6,Digital-Search,991,12,8995
3844,17,TV,1283,2,1841
3845,47,In-store,100,11,8218
3846,3,OOH,201,1,998
3847,52,Digital-Social,800,6,3386
3848,7,In-store,451,3,1318
3849,36,In-store,463,8,2991
3850,72,Trade-Promo,771,11,5567
3851,1,TV,282,7,5056
3852,84,Trade-Promo,474,2,2184
3853,34,OOH,1026,3,1752
3854,18,In-store,248,6,4478
3855,99,Digital-Search,112,7,1631
3856,8,Digital-Search,1251,10,9891
3857,97,TV,287,1,1025
3858,48,TV,1350,2,2598
3859,14,OOH,276,5,1976
3860,55,TV,189,11,5920
3861,30,In-store,209,9,2810
3862,26,TV,167,7,1721
3863,56,Trade-Promo,742,10,2392
3864,1,In-store,625,11,9634
3865,12,Trade-Promo,1275,12,6903
3866,72,OOH,770,11,5720
3867,30,OOH,388,12,9160
3868,67,In-store,946,9,7408
3869,74,Digital-Social,944,5,2364
3870,77,Digital-Search,671,7,2547
3871,53,OOH,280,9,8272
3872,66,Digital-Social,1071,3,2475
3873,69,TV,536,12,11240
3874,100,TV,172,4,2132
3875,6,Digital-Social,820,12,9508
3876,85,Trade-Promo,925,3,3478
3877,24,TV,1059,4,2531
3878,94,Digital-Search,996,4,3740
3879,98,Digital-Social,790,2,1950
3880,68,TV,930,4,3762
3881,56,TV,979,7,3415
3882,76,Trade-Promo,548,11,5025
3883,39,Trade-Promo,1130,3,3260
3884,39,Digital-Social,751,12,5347
3885,49,OOH,710,6,2456
3886,70,TV,777,5,1797
3887,58,In-store,666,11,2877
3888,51,Digital-Search,1019,9,5456
3889,46,TV,845,6,2723
3890,27,Trade-Promo,474,11,2223
3891,77,TV,1207,5,3617
3892,14,TV,1110,10,9770
3893,40,OOH,156,10,7796
3894,14,Digital-Social,304,1,556
3895,60,Trade-Promo,894,1,1659
3896,88,TV,391,5,2651
3897,91,In-store,1496,6,2726
3898,88,OOH,462,2,2060
3899,4,In-store,1371,5,3316
3900,41,Digital-Search,270,10,3580
3901,1,TV,1465,2,2137
3902,57,Digital-Search,1258,5,2308
3903,2,Digital-Social,955,12,11347
3904,7,TV,754,1,1249
3905,28,OOH,474,5,4574
3906,88,OOH,1304,4,3704
3907,82,Trade-Promo,795,0,795
3908,37,TV,1108,1,1711
3909,91,Digital-Social,364,7,5677
3910,71,TV,824,11,9118
3911,87,Digital-Search,1418,0,1418
3912,86,TV,198,0,198
3913,37,OOH,1373,3,2756
3914,99,OOH,124,3,2692
3915,75,TV,106,4,2130
3916,17,TV,539,6,1715
3917,65,Trade-Promo,682,1,905
3918,70,Digital-Search,1383,9,3597
3919,29,OOH,789,9,7818
3920,23,Trade-Promo,835,5,2830
3921,48,OOH,1261,5,2761
3922,6,Digital-Search,894,1,1078
3923,8,In-store,1097,9,7766
3924,2,OOH,139,6,4543
3925,55,Trade-Promo,220,1,929
3926,50,OOH,999,7,3932
3927,6,OOH,594,7,5228
3928,35,OOH,1493,2,3259
3929,28,OOH,496,9,4501
3930,40,Trade-Promo,867,3,1380
3931,1,In-store,1105,7,4857
3932,98,Digital-Social,784,5,1574
3933,28,Digital-Social,1396,5,2201
3934,10,In-store,535,6,3355
3935,33,Digital-Social,901,2,1785
3936,14,In-store,1200,4,2552
3937,75,TV,1385,2,3039
3938,74,OOH,406,3,1534
3939,40,Digital-Search,295,1,460
3940,95,TV,1270,0,1270
3941,54,OOH,195,5,2195
3942,1,OOH,1207,8,5791
3943,66,Digital-Search,597,0,597
3944,15,TV,886,6,4510
3945,29,Digital-Social,1362,0,1362
3946,87,Digital-Search,1034,5,4664
3947,72,Trade-Promo,1023,5,4668
3948,24,TV,450,9,7263
3949,99,In-store,738,2,1846
3950,6,Digital-Social,592,6,5614
3951,23,TV,389,7,4085
3952,46,Trade-Promo,482,1,893
3953,60,In-store,150,11,8510
3954,17,TV,1011,1,1254
3955,45,Digital-Social,562,11,8405
3956,1,Digital-Social,487,6,5689
3957,22,TV,1425,12,10689
3958,93,OOH,450,1,961
3959,68,TV,1169,9,7019
3960,93,TV,849,9,3063
3961,56,TV,329,8,5105
3962,28,Trade-Promo,860,5,4425
3963,71,TV,1305,5,4965
3964,96,In-store,1063,2,2803
3965,89,TV,881,8,6313
3966,6,OOH,203,12,6167
3967,31,In-store,1195,12,11587
3968,78,Digital-Social,237,8,4509
3969,78,Digital-Social,1141,9,6910
3970,23,Trade-Promo,665,5,3005
3971,7,OOH,296,8,2624
3972,22,OOH,1076,2,1378
3973,7,Digital-Social,1228,3,3565
3974,38,Trade-Promo,361,10,4201
3975,18,OOH,418,0,418
3976,12,Digital-Search,670,7,3715
3977,84,Digital-Social,369,11,7926
3978,96,TV,235,6,3343
3979,74,Trade-Promo,501,11,2261
3980,87,Digital-Social,1384,11,3177
3981,17,TV,1398,3,2001
3982,36,OOH,405,3,1257
3983,17,OOH,998,7,4617
3984,17,OOH,311,3,1904
3985,92,Digital-Social,184,12,3580
3986,65,TV,955,5,1945
3987,53,Digital-Search,910,3,1366
3988,88,TV,805,11,9154
3989,30,In-store,1035,7,4633
3990,51,Trade-Promo,296,9,6596
3991,29,Digital-Social,245,10,1975
3992,84,Digital-Social,1325,1,1900
3993,88,OOH,251,7,3436
3994,49,Trade-Promo,183,2,1675
3995,96,Trade-Promo,546,1,725
3996,34,Digital-Social,1208,4,2080
3997,80,In-store,902,2,1510
3998,73,TV,515,1,1094
3999,63,TV,1126,0,1126
4000,52,Trade-Promo,854,6,4166
4001,59,TV,884,3,3485
4002,51,Digital-Social,272,9,6338
4003,51,Digital-Search,840,0,840
4004,75,Digital-Search,621,4,3905
4005,5,In-store,983,6,3089
4006,88,Digital-Search,1338,12,5454
4007,92,Digital-Social,1262,6,4274
4008,2,Digital-Search,1425,9,6240
4009,22,In-store,488,2,1132
4010,50,Digital-Social,988,1,1228
4011,38,Digital-Social,623,3,2333
4012,86,Digital-Social,803,10,7983
4013,90,Digital-Search,645,10,3685
4014,13,OOH,1154,8,7562
4015,6,Trade-Promo,1109,9,8786
4016,80,TV,1375,6,3181
4017,82,Digital-Social,737,11,3333
4018,85,Trade-Promo,1269,10,6659
4019,34,Digital-Social,511,8,4479
4020,31,Digital-Social,676,7,3063
4021,47,OOH,217,5,3687
4022,31,Digital-Social,602,4,2030
4023,5,OOH,593,1,823
4024,91,Digital-Search,1469,8,6757
4025,52,TV,865,11,5518
4026,48,In-store,899,11,8896
4027,87,Digital-Search,1122,5,4192
4028,52,Trade-Promo,649,11,9449
4029,43,Digital-Social,838,3,2629
4030,48,Trade-Promo,1067,4,3275
4031,50,OOH,1317,12,9285
4032,49,TV,982,3,2293
4033,17,TV,462,5,2672
4034,48,TV,1196,11,2934
4035,74,Digital-Search,1366,4,4046
4036,12,Digital-Search,479,12,7175
4037,77,Digital-Social,761,12,7121
4038,74,In-store,913,4,3341
4039,24,TV,590,0,590
4040,36,Digital-Social,590,5,5010
4041,76,TV,644,2,1732
4042,16,Digital-Search,207,10,4417
4043,84,Trade-Promo,1295,3,2504
4044,21,In-store,338,4,2234
4045,40,Digital-Social,214,7,5324
4046,53,Digital-Social,1447,12,8863
4047,29,TV,1494,0,1494
4048,69,OOH,349,7,5200
4049,46,Digital-Social,390,1,621
4050,48,OOH,1224,7,2932
4051,72,Digital-Search,751,2,1479
4052,47,OOH,672,11,4302
4053,56,Trade-Promo,1043,4,2735
4054,88,OOH,1490,7,2883
4055,15,In-store,497,10,3667
4056,83,OOH,151,11,7752
4057,53,Digital-Search,402,3,2217
4058,60,In-store,370,9,5680
4059,52,OOH,763,6,2815
4060,25,In-store,106,1,541
4061,8,OOH,195,12,9723
4062,90,Digital-Search,412,7,5305
4063,9,TV,852,5,4922
4064,67,OOH,193,0,193
4065,20,In-store,1497,2,3289
4066,17,TV,733,2,1687
4067,60,OOH,499,1,1084
4068,4,Trade-Promo,716,3,2927
4069,89,TV,545,12,7229
4070,68,OOH,277,7,2503
4071,5,Digital-Social,349,3,1960
4072,80,Digital-Search,818,11,4195
4073,67,In-store,460,11,2407
4074,77,OOH,481,9,8518
4075,81,In-store,604,5,2004
4076,93,Digital-Search,1360,5,5485
4077,88,Digital-Social,580,2,1226
4078,20,OOH,1006,3,3604
4079,79,Digital-Social,1169,9,8117
4080,23,TV,688,5,3863
4081,89,OOH,554,12,6698
4082,29,Digital-Social,564,6,4086
4083,12,Trade-Promo,816,0,816
4084,51,TV,200,8,5160
4085,6,Trade-Promo,483,6,5109
4086,64,TV,1135,12,4879
4087,26,In-store,179,1,343
4088,63,TV,419,6,1931
4089,46,OOH,1233,3,3396
4090,87,Trade-Promo,1394,2,3140
4091,12,In-store,1464,12,11004
4092,56,OOH,636,8,3948
4093,100,In-store,1079,3,2525
4094,57,Digital-Search,368,2,1096
4095,28,OOH,412,2,1042
4096,92,Trade-Promo,134,10,2714
4097,97,Trade-Promo,698,4,1926
4098,45,Trade-Promo,1472,11,9491
4099,20,OOH,1461,10,9421
4100,24,Digital-Social,824,6,2072
4101,49,Digital-Social,1365,5,3195
4102,48,OOH,200,6,2588
4103,82,OOH,1080,12,5880
4104,9,OOH,334,8,1982
4105,35,In-store,1500,12,9336
4106,36,TV,583,0,583
4107,86,Digital-Search,569,8,4265
4108,99,TV,1437,8,5285
4109,20,TV,1451,1,1826
4110,100,In-store,457,6,5413
4111,8,Trade-Promo,687,10,6267
4112,30,Trade-Promo,1069,10,6309
4113,50,TV,742,11,5505
4114,61,TV,840,5,2875
4115,73,TV,456,10,8706
4116,9,Digital-Search,277,6,5599
4117,35,TV,258,9,7809
4118,44,Digital-Search,977,4,1645
4119,73,OOH,287,9,8279
4120,49,Trade-Promo,533,9,4835
4121,58,Trade-Promo,1117,5,2812
4122,8,In-store,101,12,3581
4123,3,Digital-Search,445,6,2317
4124,86,TV,245,9,7598
4125,64,TV,378,11,9475
4126,12,Digital-Social,729,1,1085
4127,74,Digital-Social,980,9,6047
4128,60,Trade-Promo,1260,10,7400
4129,52,TV,1259,8,6339
4130,28,TV,437,6,4349
4131,62,Digital-Social,263,12,9455
4132,99,Digital-Social,370,7,6089
4133,50,OOH,157,7,3636
4134,90,Trade-Promo,1186,8,7474
4135,61,OOH,1215,6,4275
4136,31,OOH,525,10,9035
4137,74,OOH,732,3,1536
4138,78,TV,1390,12,7882
4139,43,Digital-Search,485,0,485
4140,87,OOH,1284,10,6204
4141,24,Digital-Social,355,2,747
4142,21,TV,1300,1,1810
4143,4,Digital-Search,1095,12,7539
4144,35,Digital-Search,1253,10,7423
4145,37,In-store,114,11,2325
4146,1,Digital-Social,961,8,5961
4147,51,Digital-Search,733,8,7381
4148,98,In-store,1116,6,3840
4149,74,In-store,1314,7,4576
4150,12,In-store,512,6,3542
4151,55,OOH,169,4,2121
4152,5,TV,932,3,2465
4153,41,OOH,551,7,3022
4154,5,Trade-Promo,890,4,3802
4155,55,Trade-Promo,481,7,4688
4156,11,TV,1400,9,8735
4157,46,Digital-Social,1265,11,7194
4158,29,Digital-Search,521,0,521
4159,48,Trade-Promo,1054,11,2792
4160,23,Digital-Search,816,1,1131
4161,68,Digital-Social,1047,6,6087
4162,27,In-store,713,3,1403
4163,41,Trade-Promo,693,8,6973
4164,72,Trade-Promo,786,9,5754
4165,45,Digital-Search,947,10,6897
4166,32,Digital-Search,776,12,5792
4167,38,OOH,553,4,4057
4168,33,TV,725,9,3191
4169,51,Trade-Promo,1335,9,4935
4170,97,Trade-Promo,596,11,5150
4171,36,Trade-Promo,1023,4,2547
4172,74,Digital-Search,939,4,1607
4173,68,OOH,1446,11,9410
4174,22,Digital-Social,559,0,559
4175,43,Trade-Promo,960,2,2498
4176,93,In-store,547,9,8062
4177,69,OOH,1169,9,5003
4178,13,Digital-Social,422,1,580
4179,98,Trade-Promo,1012,2,1436
4180,89,Digital-Social,335,7,1693
4181,62,Digital-Search,717,8,4765
4182,25,Digital-Search,1390,11,7682
4183,48,Digital-Search,1067,12,10055
4184,17,Digital-Social,176,3,656
4185,6,Digital-Search,669,9,6006
4186,39,In-store,231,2,2011
4187,79,Digital-Social,1260,0,1260
4188,19,OOH,828,1,1117
4189,100,TV,517,11,7359
4190,43,In-store,829,8,7813
4191,77,In-store,489,5,4219
4192,44,OOH,1487,7,2551
4193,72,In-store,261,9,7227
4194,28,TV,634,11,6343
4195,71,Digital-Search,487,4,3935
4196,42,In-store,894,3,1602
4197,10,Digital-Social,1210,8,5442
4198,7,Digital-Social,707,2,1397
4199,53,Digital-Social,1473,11,4641
4200,5,Digital-Social,499,4,2971
4201,38,Digital-Social,642,6,2814
4202,84,TV,138,4,1686
4203,85,In-store,1286,6,5282
4204,95,OOH,1481,12,11357
4205,51,Trade-Promo,157,0,157
4206,84,Digital-Search,388,9,4321
4207,49,Trade-Promo,202,2,1840
4208,12,OOH,1457,7,5643
4209,37,TV,1053,4,2421
4210,5,Digital-Search,525,5,1570
4211,20,Digital-Social,1198,12,7498
4212,7,Digital-Social,431,8,6623
4213,36,In-store,900,5,2575
4214,58,Digital-Search,426,3,1491
4215,18,Trade-Promo,413,9,3914
4216,2,Digital-Social,133,2,1109
4217,52,Trade-Promo,320,3,1397
4218,2,Digital-Social,144,3,1200
4219,33,In-store,1059,7,2592
4220,94,OOH,351,10,6231
4221,59,Digital-Search,121,7,4230
4222,19,In-store,1348,9,5893
4223,97,Digital-Search,610,11,2898
4224,23,Digital-Search,1414,5,3239
4225,8,TV,454,3,2689
4226,72,Digital-Search,1098,2,1878
4227,4,Digital-Social,654,11,3778
4228,6,Digital-Social,1206,4,3682
4229,9,Trade-Promo,133,1,748
4230,92,Digital-Social,434,10,3284
4231,38,TV,864,0,864
4232,93,In-store,630,10,7720
4233,60,OOH,308,7,5957
4234,82,OOH,1114,5,3194
4235,53,TV,1374,12,10554
4236,24,Digital-Search,202,6,3310
4237,82,Trade-Promo,565,8,5373
4238,20,OOH,1060,10,4070
4239,44,Trade-Promo,231,2,849
4240,41,Trade-Promo,182,12,9158
4241,89,Digital-Search,889,6,5065
4242,37,OOH,621,8,7757
4243,95,Digital-Social,606,7,3441
4244,81,Digital-Social,1024,9,3076
4245,24,TV,366,1,604
4246,7,TV,1187,7,5912
4247,6,Digital-Social,809,11,8685
4248,54,OOH,1357,0,1357
4249,10,In-store,201,7,3337
4250,89,TV,1388,3,3674
4251,20,Digital-Search,312,9,7368
4252,80,Digital-Search,826,2,2350
4253,41,OOH,324,7,2102
4254,23,Digital-Social,391,7,4220
4255,96,Digital-Search,611,3,2771
4256,59,Digital-Social,434,0,434
4257,38,Digital-Social,395,1,929
4258,23,In-store,1490,5,5745
4259,34,Trade-Promo,1423,6,3499
4260,25,OOH,103,11,7825
4261,26,Digital-Social,693,4,2529
4262,57,TV,724,8,6172
4263,64,Trade-Promo,1327,9,5719
4264,2,Digital-Search,1051,0,1051
4265,2,Digital-Search,1357,10,6717
4266,99,Trade-Promo,815,1,1591
4267,99,Digital-Search,488,12,10664
4268,58,In-store,627,9,8439
4269,24,In-store,974,10,9204
4270,27,Digital-Social,1324,11,6538
4271,54,Digital-Social,648,2,1874
4272,64,In-store,753,12,4641
4273,21,Digital-Search,1261,2,1595
4274,54,TV,917,5,4442
4275,11,Digital-Social,1338,2,1694
4276,84,Digital-Search,1272,11,4693
4277,20,Trade-Promo,685,1,908
4278,42,In-store,547,0,547
4279,76,Digital-Search,746,12,10706
4280,90,Trade-Promo,923,3,2711
4281,32,In-store,1468,11,4845
4282,83,In-store,452,9,8462
4283,38,OOH,468,0,468
4284,49,TV,786,10,4936
4285,80,Trade-Promo,155,10,8495
4286,71,Digital-Search,298,3,1375
4287,93,TV,556,10,7566
4288,98,TV,189,4,3137
4289,69,Digital-Social,421,1,1228
4290,11,Digital-Social,410,1,737
4291,10,Digital-Search,706,8,7330
4292,15,OOH,862,8,3318
4293,56,Trade-Promo,954,8,6242
4294,52,Digital-Search,117,1,863
4295,15,Trade-Promo,769,4,3645
4296,69,TV,897,4,2745
4297,97,Digital-Social,1479,0,1479
4298,50,Digital-Social,1267,8,6539
4299,57,OOH,1174,7,3974
4300,41,Trade-Promo,770,12,7334
4301,82,In-store,677,6,3485
4302,100,OOH,343,9,5698
4303,93,Digital-Social,545,4,3841
4304,24,TV,1350,2,3114
4305,56,Digital-Social,466,1,813
4306,24,TV,725,11,3090
4307,6,Digital-Search,434,9,4115
4308,69,Digital-Social,330,4,3930
4309,63,Trade-Promo,1263,12,11655
4310,15,TV,1064,9,6527
4311,20,In-store,1304,9,8126
4312,79,Digital-Search,1278,11,8857
4313,13,OOH,429,8,7349
4314,26,TV,1225,0,1225
4315,29,In-store,964,6,1990
4316,95,OOH,444,11,2116
4317,8,TV,812,3,1757
4318,70,Digital-Search,496,8,4936
4319,25,TV,107,5,4087
4320,6,Digital-Search,467,4,2067
4321,68,Digital-Social,1226,11,2887
4322,46,Trade-Promo,431,6,5111
4323,22,OOH,1256,12,10568
4324,8,TV,1023,6,5199
4325,90,In-store,435,7,4607
4326,32,Digital-Social,463,8,3351
4327,65,Trade-Promo,889,10,4469
4328,28,In-store,934,11,3519
4329,65,Digital-Search,1400,1,2196
4330,70,In-store,462,6,4152
4331,14,Digital-Social,988,8,4684
4332,100,TV,101,1,445
4333,20,OOH,1135,12,4855
4334,26,Digital-Social,1346,2,1848
4335,87,Trade-Promo,1140,11,5309
4336,45,Digital-Social,1044,11,9448
4337,94,TV,1182,7,4563
4338,91,OOH,140,6,3998
4339,64,In-store,294,10,2234
4340,55,OOH,858,9,3747
4341,1,OOH,1202,8,3218
4342,84,Digital-Search,606,12,3318
4343,80,Digital-Social,1056,9,6501
4344,53,TV,1043,8,7931
4345,15,Digital-Search,1315,6,5773
4346,69,OOH,605,8,7477
4347,39,Digital-Search,1453,7,3777
4348,95,OOH,134,11,10023
4349,20,OOH,900,6,4062
4350,90,In-store,1193,6,3137
4351,79,Digital-Search,1277,1,1568
4352,42,In-store,518,4,3642
4353,65,Trade-Promo,1258,2,2260
4354,42,Digital-Social,1333,4,4681
4355,56,OOH,1403,0,1403
4356,95,Digital-Search,379,9,7327
4357,3,In-store,649,10,7009
4358,19,Trade-Promo,943,6,5467
4359,39,TV,996,9,8043
4360,51,In-store,144,8,1368
4361,71,Trade-Promo,1036,4,4444
4362,88,In-store,622,8,4702
4363,88,Trade-Promo,1269,4,3529
4364,36,TV,1142,3,3458
4365,65,Digital-Search,330,6,4068
4366,32,Digital-Search,1038,8,7398
4367,44,Digital-Social,916,11,9111
4368,69,Trade-Promo,318,6,3012
4369,100,Trade-Promo,1193,0,1193
4370,38,Digital-Search,120,12,9348
4371,22,OOH,1410,8,5834
4372,2,Digital-Search,450,1,632
4373,21,In-store,385,7,1715
4374,51,In-store,693,8,6821
4375,8,TV,1214,2,2068
4376,69,Digital-Search,834,8,2882
4377,99,Digital-Social,101,8,5717
4378,74,Trade-Promo,489,10,2409
4379,43,In-store,724,10,7754
4380,71,Digital-Social,1367,9,7082
4381,34,OOH,317,8,4357
4382,54,Digital-Social,129,2,1343
4383,48,TV,196,0,196
4384,6,OOH,806,11,6845
4385,98,OOH,925,1,1681
4386,100,Trade-Promo,828,10,4408
4387,3,Digital-Search,893,4,1889
4388,72,Digital-Search,1257,3,3051
4389,70,OOH,702,6,4356
4390,73,TV,1129,12,8821
4391,93,TV,1438,1,2131
4392,61,Digital-Social,948,10,2798
4393,4,TV,1392,12,5688
4394,55,Digital-Search,351,0,351
4395,35,Digital-Search,720,4,1856
4396,77,Trade-Promo,188,6,4058
4397,36,OOH,802,6,5134
4398,52,Digital-Search,437,4,1193
4399,49,Digital-Social,358,1,839
4400,45,Trade-Promo,1323,6,5157
4401,18,Digital-Search,971,12,4955
4402,24,Digital-Social,355,9,1777
4403,43,Digital-Social,541,10,8671
4404,85,Digital-Search,1000,12,3160
4405,34,In-store,729,7,4565
4406,39,Trade-Promo,690,10,5520
4407,48,Trade-Promo,556,9,5929
4408,42,Digital-Social,297,3,2388
4409,29,Digital-Search,112,7,1743
4410,18,Digital-Search,782,11,6348
4411,28,TV,440,11,8800
4412,8,TV,610,6,2290
4413,85,Digital-Social,287,1,1171
4414,100,In-store,585,12,10245
4415,19,OOH,1048,7,3218
4416,55,Digital-Search,1197,10,8277
4417,94,Digital-Social,1364,5,4959
4418,42,OOH,1482,5,5067
4419,42,Digital-Social,470,9,7976
4420,40,Digital-Social,1495,5,2960
4421,92,Digital-Search,307,6,1915
4422,65,Digital-Search,1101,5,4996
4423,11,In-store,236,0,236
4424,7,Trade-Promo,1404,0,1404
4425,40,Trade-Promo,289,4,2721
4426,59,Digital-Search,651,7,3346
4427,98,Digital-Search,1407,3,2952
4428,99,Digital-Social,709,7,5546
4429,94,OOH,705,1,1327
4430,16,Digital-Search,1289,4,4765
4431,74,In-store,508,4,2292
4432,78,Digital-Social,175,5,2105
4433,63,Trade-Promo,1194,0,1194
4434,25,TV,1185,3,2928
4435,11,TV,511,3,2938
4436,67,Trade-Promo,473,6,1601
4437,66,In-store,1136,8,3768
4438,72,TV,822,12,4758
4439,62,Trade-Promo,1073,3,1550
4440,37,Trade-Promo,990,2,1936
4441,88,TV,741,2,1291
4442,57,OOH,726,6,3630
4443,85,Digital-Social,770,11,4961
4444,62,Trade-Promo,202,1,876
4445,73,TV,829,6,5941
4446,62,Digital-Social,699,4,2859
4447,64,TV,1081,7,4840
4448,21,Trade-Promo,914,9,2858
4449,40,Digital-Social,529,6,2263
4450,76,Trade-Promo,1278,4,3418
4451,81,In-store,636,5,1651
4452,79,Trade-Promo,1277,9,2888
4453,89,TV,329,0,329
4454,77,Trade-Promo,796,7,3477
4455,74,TV,1188,3,3738
4456,91,Digital-Search,435,1,1306
4457,11,Trade-Promo,1317,6,6291
4458,67,Digital-Search,688,2,2320
4459,38,In-store,667,11,8103
4460,100,Trade-Promo,709,9,8233
4461,79,OOH,1037,9,5798
4462,57,Digital-Social,1249,5,4509
4463,43,OOH,1269,5,4679
4464,17,Trade-Promo,327,9,2145
4465,23,Digital-Social,246,7,5475
4466,60,OOH,1203,9,8637
4467,85,OOH,251,2,1163
4468,68,Trade-Promo,484,10,8214
4469,58,TV,1046,0,1046
4470,97,Trade-Promo,1183,4,2855
4471,43,TV,644,12,4976
4472,55,In-store,427,8,4827
4473,67,TV,269,2,2055
4474,28,OOH,160,3,2230
4475,65,Digital-Search,989,8,3117
4476,100,TV,1283,3,3605
4477,63,Trade-Promo,263,4,2239
4478,74,TV,146,11,8748
4479,85,OOH,1273,10,4473
4480,14,In-store,1058,9,2840
4481,48,Digital-Search,402,8,5082
4482,55,Trade-Promo,525,3,2121
4483,12,OOH,1445,5,4775
4484,69,TV,1051,11,2833
4485,99,OOH,752,3,1589
4486,87,In-store,140,11,3154
4487,16,Trade-Promo,593,12,9569
4488,11,TV,609,8,2833
4489,74,In-store,729,2,2351
4490,41,Digital-Search,348,3,3018
4491,55,TV,1275,0,1275
4492,68,Digital-Search,1195,12,4231
4493,65,OOH,351,0,351
4494,42,TV,377,4,1845
4495,92,In-store,523,6,1849
4496,44,OOH,1187,7,3707
4497,49,In-store,386,7,1996
4498,28,OOH,814,8,7910
4499,77,In-store,1263,3,2355
4500,46,Digital-Social,1367,0,1367
4501,1,OOH,783,8,4615
4502,97,In-store,285,5,4275
4503,38,In-store,1463,3,2177
4504,84,Digital-Search,890,6,3260
4505,75,In-store,1263,2,2293
4506,45,TV,307,6,2989
4507,32,In-store,1490,9,3227
4508,85,Digital-Social,1140,3,3036
4509,63,Digital-Social,1035,0,1035
4510,70,Trade-Promo,963,12,10743
4511,49,In-store,109,5,2134
4512,38,Digital-Social,1167,1,1703
4513,33,Digital-Search,240,11,9579
4514,53,TV,171,1,959
4515,90,In-store,762,10,4352
4516,43,Trade-Promo,1400,4,3676
4517,34,TV,864,1,1052
4518,25,OOH,1247,8,2455
4519,18,In-store,538,0,538
4520,19,In-store,959,3,2705
4521,18,Trade-Promo,309,4,3501
4522,34,OOH,654,7,2530
4523,68,Trade-Promo,570,9,4836
4524,28,TV,1278,6,5706
4525,6,In-store,1114,6,3610
4526,89,OOH,1342,10,9922
4527,1,Trade-Promo,455,2,1789
4528,69,Digital-Search,1356,8,6276
4529,98,Digital-Search,755,12,6863
4530,15,OOH,585,12,6417
4531,69,OOH,1029,2,2333
4532,16,In-store,644,3,1157
4533,83,In-store,1232,8,3408
4534,14,In-store,654,12,11310
4535,99,TV,515,4,1967
4536,76,Trade-Promo,1170,1,1839
4537,64,Digital-Social,1223,7,5444
4538,84,OOH,835,8,3851
4539,94,Digital-Social,539,6,3179
4540,98,In-store,1020,0,1020
4541,13,Digital-Social,117,9,1575
4542,80,TV,814,3,2836
4543,82,In-store,147,2,1563
4544,17,In-store,372,5,2472
4545,22,TV,636,1,1456
4546,22,Digital-Social,274,9,1939
4547,93,OOH,829,7,5183
4548,18,TV,649,12,5881
4549,9,TV,215,11,9631
4550,64,OOH,1311,11,6019
4551,13,Trade-Promo,540,2,1394
4552,48,Digital-Social,1228,10,3498
4553,8,Trade-Promo,1088,11,9668
4554,40,TV,1399,2,1993
4555,97,Digital-Search,1214,7,2460
4556,76,OOH,1242,7,3370
4557,96,In-store,623,9,5717
4558,27,Digital-Social,463,5,1613
4559,64,Digital-Search,395,2,1287
4560,2,Digital-Search,1422,10,5112
4561,23,In-store,304,1,1000
4562,80,TV,172,3,1558
4563,49,Trade-Promo,983,1,1837
4564,49,Digital-Social,202,7,1336
4565,20,Trade-Promo,917,7,6944
4566,84,Digital-Social,214,2,584
4567,5,Trade-Promo,786,12,5490
4568,51,In-store,377,1,1111
4569,47,Digital-Social,938,8,6914
4570,4,TV,794,7,5253
4571,78,Digital-Search,161,0,161
4572,64,Digital-Social,379,5,4009
4573,2,TV,1044,3,3384
4574,60,TV,488,12,2708
4575,84,In-store,451,2,941
4576,14,Digital-Social,1207,6,5581
4577,6,OOH,1143,7,2732
4578,84,In-store,1115,2,1795
4579,16,TV,619,5,4999
4580,100,Digital-Search,934,12,4102
4581,64,TV,1266,2,2686
4582,9,In-store,112,7,2996
4583,40,Digital-Social,933,0,933
4584,29,Digital-Search,700,12,4108
4585,24,Digital-Search,395,1,1208
4586,51,TV,395,5,2070
4587,28,Trade-Promo,652,12,3460
4588,19,OOH,1460,11,3297
4589,75,Digital-Search,724,11,7390
4590,61,Digital-Social,869,9,2426
4591,27,OOH,474,6,5310
4592,81,Digital-Search,746,1,1126
4593,17,In-store,937,1,1754
4594,60,Trade-Promo,714,11,8634
4595,4,OOH,374,4,2386
4596,89,Digital-Search,1296,8,5368
4597,15,In-store,175,2,691
4598,14,Trade-Promo,1466,1,1943
4599,69,Trade-Promo,286,2,1466
4600,70,In-store,684,11,9165
4601,69,In-store,622,7,5655
4602,55,Trade-Promo,1481,6,3155
4603,28,In-store,876,0,876
4604,65,Trade-Promo,651,4,3119
4605,34,TV,1146,11,5392
4606,57,OOH,1241,1,1969
4607,15,Trade-Promo,166,7,3302
4608,80,Trade-Promo,367,1,964
4609,39,TV,203,6,4607
4610,95,OOH,1183,12,5455
4611,51,Trade-Promo,1380,2,2084
4612,42,Digital-Social,670,8,4070
4613,66,In-store,653,7,1983
4614,65,Digital-Social,340,3,2551
4615,68,In-store,752,4,3120
4616,24,Digital-Social,119,2,553
4617,22,Digital-Social,1106,10,4116
4618,2,Digital-Search,773,0,773
4619,98,Digital-Social,104,0,104
4620,3,Trade-Promo,1162,6,3586
4621,38,OOH,925,7,3690
4622,76,TV,1353,0,1353
4623,67,Trade-Promo,1270,12,10042
4624,12,TV,616,1,1181
4625,1,TV,1287,1,1830
4626,73,OOH,1385,2,2165
4627,18,OOH,1112,3,2963
4628,95,Trade-Promo,1478,8,7406
4629,94,In-store,1365,0,1365
4630,2,Trade-Promo,789,4,3613
4631,11,Trade-Promo,970,7,3868
4632,50,Digital-Social,183,0,183
4633,77,Trade-Promo,1154,4,4554
4634,29,Digital-Social,989,1,1238
4635,93,Digital-Social,1012,1,1260
4636,67,TV,751,1,1579
4637,78,Trade-Promo,1422,5,5722
4638,34,Digital-Search,1126,2,2600
4639,40,Digital-Social,137,3,2540
4640,34,OOH,124,1,645
4641,27,Digital-Search,589,4,2877
4642,53,TV,1014,5,3684
4643,74,Trade-Promo,1323,4,3083
4644,75,OOH,659,6,4211
4645,57,Digital-Social,209,1,418
4646,71,Digital-Social,646,10,9526
4647,3,Digital-Social,1204,1,2059
4648,65,Digital-Social,382,10,4152
4649,66,In-store,1321,12,6661
4650,1,Digital-Social,900,2,1268
4651,68,Digital-Search,1125,1,1783
4652,34,OOH,765,2,2021
4653,30,Digital-Search,1404,3,3117
4654,40,Digital-Social,555,5,3630
4655,3,TV,703,1,1016
4656,80,TV,1246,2,2674
4657,90,Digital-Search,319,8,2463
4658,88,In-store,242,10,3542
4659,81,Digital-Search,808,9,2320
4660,37,OOH,914,1,1096
4661,8,In-store,1332,2,2080
4662,8,Digital-Search,973,6,2017
4663,7,TV,361,8,3545
4664,67,Digital-Social,1038,1,1218
4665,12,OOH,459,3,1299
4666,73,OOH,1384,6,2704
4667,45,TV,356,0,356
4668,34,Trade-Promo,866,0,866
4669,95,In-store,991,12,6775
4670,29,OOH,629,4,2789
4671,93,TV,725,10,4035
4672,19,In-store,958,3,3355
4673,39,In-store,151,1,937
4674,12,Digital-Search,584,0,584
4675,64,OOH,1381,3,4078
4676,40,In-store,404,4,1964
4677,45,Trade-Promo,963,1,1615
4678,53,Trade-Promo,446,2,1396
4679,97,TV,1491,2,2729
4680,86,Digital-Social,907,7,1978
4681,66,In-store,956,11,6962
4682,45,OOH,919,2,1485
4683,36,TV,1372,7,5348
4684,70,In-store,1145,4,4297
4685,38,In-store,1056,1,1884
4686,21,Trade-Promo,223,10,3843
4687,47,TV,174,6,1740
4688,66,Digital-Search,1125,9,6921
4689,39,Digital-Social,357,3,1767
4690,35,Digital-Social,729,0,729
4691,93,In-store,874,8,3322
4692,15,Digital-Social,277,5,4287
4693,56,Digital-Search,1338,11,6992
4694,21,Digital-Search,625,9,3559
4695,3,In-store,1451,11,6214
4696,37,OOH,280,12,3592
4697,13,OOH,1354,7,3804
4698,70,Trade-Promo,264,8,2664
4699,60,Digital-Social,105,10,5995
4700,30,Digital-Search,561,5,4776
4701,76,Digital-Search,1124,8,3788
4702,93,TV,1181,8,4645
4703,76,In-store,1199,0,1199
4704,52,Digital-Search,137,5,1387
4705,13,TV,472,1,786
4706,48,Digital-Search,501,10,4851
4707,11,OOH,481,3,1021
4708,16,OOH,922,0,922
4709,79,OOH,1181,6,2105
4710,31,In-store,391,1,1271
4711,94,OOH,1134,6,2358
4712,8,Digital-Social,434,0,434
4713,26,TV,1317,7,6308
4714,76,Trade-Promo,1337,0,1337
4715,12,Digital-Search,166,0,166
4716,39,In-store,339,3,1116
4717,97,OOH,1116,11,3877
4718,76,In-store,1435,8,6027
4719,6,OOH,314,10,5784
4720,20,Digital-Search,1500,11,10091
4721,97,TV,1139,4,2139
4722,75,OOH,683,10,6953
4723,68,Digital-Search,846,0,846
4724,16,TV,521,7,4007
4725,29,Digital-Search,1185,2,2931
4726,16,TV,1067,2,2509
4727,68,OOH,1008,8,2232
4728,61,Digital-Social,1058,9,2921
4729,92,Digital-Social,1058,1,1633
4730,14,In-store,156,8,7004
4731,66,TV,1360,7,3516
4732,17,Digital-Social,1486,9,8254
4733,82,In-store,614,7,5178
4734,100,TV,1196,3,3134
4735,44,Digital-Social,182,7,4235
4736,72,TV,114,2,1000
4737,71,TV,1479,11,11192
4738,71,Digital-Search,820,7,5454
4739,5,TV,447,10,4577
4740,86,Digital-Search,497,12,3953
4741,28,In-store,481,2,1029
4742,51,Trade-Promo,177,12,6693
4743,78,OOH,883,8,4963
4744,59,Digital-Search,915,10,7245
4745,3,In-store,1006,10,9496
4746,46,TV,994,9,8698
4747,16,Digital-Social,1283,5,5598
4748,96,Digital-Social,283,5,1313
4749,95,TV,932,4,2124
4750,50,TV,109,7,1222
4751,28,Digital-Social,845,0,845
4752,67,Digital-Search,420,4,1884
4753,90,OOH,330,9,6639
4754,29,Trade-Promo,380,4,3196
4755,38,Trade-Promo,235,3,757
4756,2,Digital-Search,319,11,6754
4757,77,TV,131,5,2051
4758,6,Digital-Social,306,5,1416
4759,49,In-store,846,12,11418
4760,71,In-store,695,6,5975
4761,32,Digital-Social,1467,9,5850
4762,30,Digital-Search,1226,1,1471
4763,1,Digital-Search,134,1,566
4764,64,In-store,631,12,4339
4765,63,Trade-Promo,1298,12,8306
4766,16,Digital-Search,1067,3,3212
4767,44,Digital-Search,327,2,1745
4768,99,TV,1019,7,4428
4769,13,Digital-Social,579,9,5358
4770,98,Trade-Promo,1119,8,3119
4771,44,Digital-Search,631,2,1701
4772,82,TV,1475,12,10619
4773,60,Digital-Social,565,11,6527
4774,3,Digital-Social,705,12,6093
4775,56,OOH,857,12,6089
4776,55,In-store,1059,2,1433
4777,46,TV,1004,1,1181
4778,59,Digital-Social,225,8,5217
4779,16,Digital-Search,886,12,5914
4780,97,OOH,1084,8,7532
4781,97,Digital-Social,1085,10,9985
4782,8,Digital-Social,300,7,3625
4783,40,Digital-Social,1185,0,1185
4784,57,Digital-Search,249,4,2909
4785,42,OOH,1040,10,4390
4786,50,TV,431,9,3365
4787,43,Digital-Search,907,10,7807
4788,52,Digital-Social,1023,2,2459
4789,67,Digital-Search,193,7,4225
4790,55,Digital-Search,378,0,378
4791,84,In-store,1499,3,2390
4792,62,TV,522,5,2337
4793,94,Trade-Promo,921,7,4960
4794,89,Digital-Social,833,9,3335
4795,28,Trade-Promo,983,11,8309
4796,61,Trade-Promo,206,6,5228
4797,89,TV,639,8,6119
4798,51,Trade-Promo,1491,3,2481
4799,8,OOH,785,12,7133
4800,100,Digital-Social,631,0,631
4801,4,OOH,1174,9,3856
4802,61,Digital-Social,1283,6,2693
4803,42,Trade-Promo,1020,6,3498
4804,100,TV,743,3,3287
4805,84,OOH,758,6,4424
4806,8,OOH,1070,8,7142
4807,60,In-store,794,5,2844
4808,21,In-store,257,9,8096
4809,4,Digital-Social,1179,4,2379
4810,24,In-store,530,6,2228
4811,59,OOH,522,2,944
4812,91,Digital-Social,459,10,3459
4813,62,TV,317,12,3029
4814,60,Digital-Search,1433,7,5535
4815,78,TV,1107,1,1690
4816,22,TV,703,2,2265
4817,70,Digital-Search,333,4,2029
4818,71,In-store,1281,8,4385
4819,5,Digital-Search,459,1,1044
4820,75,TV,524,9,3521
4821,24,TV,469,11,6772
4822,73,Trade-Promo,128,1,550
4823,24,OOH,914,4,3542
4824,10,TV,964,8,2364
4825,10,In-store,1051,12,3079
4826,28,TV,919,3,2737
4827,100,TV,801,10,2411
4828,5,Digital-Search,1294,3,2383
4829,24,In-store,1039,2,1857
4830,36,In-store,1282,3,2077
4831,57,Digital-Social,1253,4,3669
4832,56,Digital-Social,1237,0,1237
4833,29,Trade-Promo,166,11,6293
4834,97,Digital-Search,632,0,632
4835,45,Trade-Promo,1354,8,5210
4836,14,OOH,1336,3,3643
4837,29,Digital-Social,1046,11,4467
4838,98,In-store,469,8,2381
4839,21,Trade-Promo,341,6,2603
4840,45,OOH,197,4,3101
4841,55,TV,356,6,5666
4842,54,In-store,909,10,5799
4843,22,In-store,440,8,6912
4844,39,Digital-Search,520,9,6370
4845,34,Trade-Promo,1383,9,6171
4846,3,In-store,101,8,5773
4847,56,Digital-Search,105,6,4047
4848,47,In-store,144,2,534
4849,70,TV,1462,11,4267
4850,73,Digital-Social,1318,0,1318
4851,24,TV,860,12,6332
4852,31,Trade-Promo,166,4,1826
4853,70,Trade-Promo,170,9,3590
4854,23,Digital-Social,813,3,2022
4855,27,Digital-Social,113,2,913
4856,46,TV,183,2,1249
4857,84,Digital-Search,804,0,804
4858,80,OOH,563,5,2763
4859,43,OOH,1498,0,1498
4860,52,Trade-Promo,1132,8,6916
4861,37,OOH,526,9,3658
4862,97,Digital-Social,494,2,1396
4863,32,In-store,434,9,5708
4864,17,TV,1200,0,1200
4865,73,OOH,1202,10,5062
4866,16,Digital-Social,651,12,5763
4867,12,Digital-Social,1287,0,1287
4868,100,Digital-Search,1325,6,4145
4869,79,Trade-Promo,1359,2,1773
4870,16,Digital-Social,597,7,4524
4871,26,TV,1085,7,4347
4872,76,Digital-Search,669,2,1103
4873,2,In-store,473,9,4289
4874,83,TV,1259,3,3083
4875,44,Trade-Promo,300,9,2865
4876,24,In-store,1014,1,1883
4877,30,TV,1086,5,3021
4878,93,In-store,362,6,2942
4879,61,Digital-Search,409,10,7109
4880,81,In-store,615,6,2145
4881,19,OOH,152,9,5417
4882,16,In-store,568,0,568
4883,74,Trade-Promo,424,10,7374
4884,35,Digital-Search,381,4,1229
4885,25,Digital-Social,316,1,828
4886,89,Digital-Social,779,5,1579
4887,41,TV,654,3,3315
4888,99,Digital-Social,305,9,7550
4889,14,Digital-Search,586,10,2586
4890,67,In-store,1093,9,6691
4891,82,Digital-Social,634,7,6017
4892,17,Digital-Search,614,2,1228
4893,12,Trade-Promo,1216,3,3841
4894,33,OOH,1483,5,5818
4895,70,TV,1309,2,1623
4896,39,Trade-Promo,1089,7,2433
4897,56,In-store,1398,6,5826
4898,26,Digital-Social,580,12,4468
4899,76,Trade-Promo,1243,6,4315
4900,13,Digital-Search,1364,0,1364
4901,44,In-store,1211,10,5671
4902,56,Digital-Search,217,8,4145
4903,82,Trade-Promo,835,11,8414
4904,68,Digital-Social,1208,2,2164
4905,90,In-store,1078,2,2206
4906,23,TV,1140,4,3368
4907,62,Digital-Social,1448,9,4346
4908,47,Digital-Search,543,12,10167
4909,41,OOH,864,1,1613
4910,51,Digital-Social,1237,2,1889
4911,24,Digital-Search,117,12,3213
4912,69,Digital-Social,822,11,9941
4913,82,In-store,444,12,5928
4914,58,Digital-Social,1231,6,3289
4915,76,Digital-Search,469,10,2099
4916,12,Digital-Social,432,3,1722
4917,12,Digital-Search,1266,9,4227
4918,77,TV,127,9,7948
4919,84,In-store,907,2,2627
4920,57,TV,375,6,3723
4921,1,Digital-Search,801,0,801
4922,47,In-store,497,2,933
4923,62,Digital-Search,1425,0,1425
4924,92,Digital-Social,1358,1,1559
4925,95,TV,1277,3,2480
4926,48,Digital-Social,1203,9,4182
4927,18,Digital-Social,710,7,2425
4928,12,Trade-Promo,555,6,1485
4929,89,TV,959,0,959
4930,19,In-store,1095,10,2975
4931,42,In-store,675,6,2253
4932,88,OOH,956,0,956
4933,56,Digital-Social,900,4,2392
4934,91,Trade-Promo,824,0,824
4935,74,Digital-Search,567,7,2856
4936,26,Digital-Search,967,1,1572
4937,55,OOH,400,3,2917
4938,15,Digital-Social,505,12,7345
4939,15,TV,1416,12,10800
4940,34,Digital-Search,290,6,3026
4941,18,Digital-Social,303,6,3345
4942,36,Digital-Search,338,11,4199
4943,59,Digital-Social,1050,7,6818
4944,50,Trade-Promo,841,7,4901
4945,97,TV,964,11,4957
4946,33,Trade-Promo,698,2,2274
4947,6,Digital-Search,977,12,3629
4948,61,Digital-Search,796,1,1469
4949,71,In-store,140,1,796
4950,80,Trade-Promo,1256,3,2234
4951,39,OOH,474,0,474
4952,37,Trade-Promo,548,7,3803
4953,35,Digital-Search,259,12,8155
4954,22,Digital-Social,650,5,3590
4955,100,Digital-Search,502,8,4886
4956,74,Digital-Search,1018,9,2467
4957,22,Digital-Search,700,12,9076
4958,48,OOH,561,6,2301
4959,54,Trade-Promo,1262,0,1262
4960,89,In-store,454,3,2488
4961,56,OOH,645,1,1463
4962,2,TV,1319,5,3229
4963,65,Digital-Search,1381,5,4596
4964,95,Digital-Search,457,1,1007
4965,93,Digital-Search,580,5,4350
4966,78,TV,166,9,3541
4967,62,Trade-Promo,259,4,3611
4968,55,TV,724,7,6415
4969,82,In-store,292,4,1800
4970,59,Trade-Promo,1170,4,2898
4971,28,In-store,204,6,5574
4972,49,TV,1210,12,8554
4973,84,Digital-Search,951,4,3247
4974,60,Digital-Social,1491,6,3825
4975,52,Trade-Promo,237,5,4357
4976,39,OOH,278,8,4526
4977,67,OOH,1347,9,3003
4978,8,Digital-Social,1027,7,7061
4979,22,Trade-Promo,325,0,325
4980,40,Digital-Search,183,11,6948
4981,84,Trade-Promo,888,0,888
4982,31,Digital-Search,943,12,7999
4983,5,Digital-Search,174,3,2790
4984,32,In-store,646,6,5182
4985,66,Digital-Social,532,0,532
4986,62,OOH,1001,10,4661
4987,3,In-store,1064,11,4067
4988,71,Digital-Social,474,11,4181
4989,54,In-store,1073,9,8336
4990,36,TV,1358,0,1358
4991,58,Trade-Promo,1425,8,6153
4992,43,Digital-Social,1128,12,6972
4993,87,Trade-Promo,195,6,3987
4994,97,Digital-Social,1272,6,3426
4995,39,OOH,446,11,7893
4996,89,Trade-Promo,1131,12,8847
4997,52,TV,744,12,10368
4998,42,TV,1473,10,6063
4999,74,Digital-Social,384,1,1245
5000,59,TV,637,10,7877
